date,ticker,iv_reference,target_day_to_expiration,target_moneyness,n_fitted_expiries
2020-01-02,AAPL,0.2772522397776578,30,1.0,17
2020-01-03,AAPL,0.2897868508037877,30,1.0,16
2020-01-06,AAPL,0.26349307392694316,30,1.0,16
2020-01-07,AAPL,0.2751397976767678,30,1.0,16
2020-01-08,AAPL,0.26229836124552647,30,1.0,17
2020-01-09,AAPL,0.2540174511107002,30,1.0,18
2020-01-10,AAPL,0.2660087996779189,30,1.0,17
2020-01-13,AAPL,0.24199192053639557,30,1.0,17
2020-01-14,AAPL,0.35464660358806305,30,1.0,17
2020-01-15,AAPL,0.2669412946451033,30,1.0,17
2020-01-16,AAPL,0.22160371520937241,30,1.0,17
2020-01-17,AAPL,0.21159180695423913,30,1.0,16
2020-01-21,AAPL,0.22735390548065032,30,1.0,16
2020-01-22,AAPL,0.15964842943773486,30,1.0,16
2020-01-23,AAPL,0.20291140290474294,30,1.0,17
2020-01-24,AAPL,0.20062852350634808,30,1.0,16
2020-01-27,AAPL,0.2749416118597026,30,1.0,16
2020-01-28,AAPL,0.2717384031419057,30,1.0,16
2020-01-29,AAPL,0.15904324678233878,30,1.0,16
2020-01-30,AAPL,0.13953884315461756,30,1.0,17
2020-01-31,AAPL,0.26366059207724096,30,1.0,17
2020-02-03,AAPL,0.3177021598189819,30,1.0,17
2020-02-04,AAPL,0.2626128141774093,30,1.0,17
2020-02-05,AAPL,0.2721217437024495,30,1.0,17
2020-02-06,AAPL,0.2670869054418204,30,1.0,18
2020-02-07,AAPL,0.21365019628275853,30,1.0,17
2020-02-10,AAPL,0.26217385311052555,30,1.0,17
2020-02-11,AAPL,0.2679790661210331,30,1.0,17
2020-02-12,AAPL,0.2600543478260743,30,1.0,17
2020-02-13,AAPL,0.23059465111970037,30,1.0,19
2020-02-14,AAPL,0.24150020145549173,30,1.0,18
2020-02-18,AAPL,0.12014677555140839,30,1.0,18
2020-02-19,AAPL,0.1293084469159116,30,1.0,18
2020-02-20,AAPL,0.14332239584494508,30,1.0,18
2020-02-21,AAPL,0.2095746492977748,30,1.0,17
2020-02-24,AAPL,0.29033558282850014,30,1.0,18
2020-02-25,AAPL,0.3452254764684106,30,1.0,18
2020-02-26,AAPL,0.33430411099536766,30,1.0,18
2020-02-27,AAPL,0.4396086558907936,30,1.0,19
2020-02-28,AAPL,0.46393062271163715,30,1.0,18
2020-03-02,AAPL,0.20607980990798666,30,1.0,18
2020-03-03,AAPL,0.38463684842321383,30,1.0,18
2020-03-04,AAPL,0.2914307113263902,30,1.0,18
2020-03-05,AAPL,0.42106672926296757,30,1.0,19
2020-03-06,AAPL,0.3719133846683695,30,1.0,18
2020-03-09,AAPL,0.5958456965205877,30,1.0,18
2020-03-10,AAPL,0.5121791402908222,30,1.0,18
2020-03-11,AAPL,0.5717891680598172,30,1.0,18
2020-03-12,AAPL,0.7170892675556417,30,1.0,19
2020-03-13,AAPL,0.47017273844807955,30,1.0,18
2020-03-16,AAPL,0.8174328830866161,30,1.0,18
2020-03-17,AAPL,0.7303627432216027,30,1.0,18
2020-03-18,AAPL,0.6747468198282986,30,1.0,18
2020-03-19,AAPL,0.7074436625950071,30,1.0,18
2020-03-20,AAPL,0.7137867643858918,30,1.0,17
2020-03-23,AAPL,0.600170679337594,30,1.0,17
2020-03-24,AAPL,0.5467960391623251,30,1.0,17
2020-03-25,AAPL,0.6297091189674032,30,1.0,17
2020-03-26,AAPL,0.519413991718247,30,1.0,18
2020-03-27,AAPL,0.6161894430547804,30,1.0,17
2020-03-30,AAPL,0.5611064789235135,30,1.0,17
2020-03-31,AAPL,0.5045438064934887,30,1.0,17
2020-04-01,AAPL,0.6096986383651943,30,1.0,17
2020-04-02,AAPL,0.4782650146431812,30,1.0,18
2020-04-03,AAPL,0.5177439019658273,30,1.0,17
2020-04-06,AAPL,0.33087092419449415,30,1.0,17
2020-04-07,AAPL,0.3574480836761988,30,1.0,17
2020-04-08,AAPL,0.40511258283627355,30,1.0,17
2020-04-09,AAPL,0.19995751421193356,30,1.0,17
2020-04-13,AAPL,0.37639433077119605,30,1.0,17
2020-04-14,AAPL,0.2017107821045643,30,1.0,17
2020-04-15,AAPL,0.3128241139549852,30,1.0,17
2020-04-16,AAPL,0.1891712817387567,30,1.0,17
2020-04-17,AAPL,0.5041791214658147,30,1.0,16
2020-04-20,AAPL,0.1953598091755255,30,1.0,16
2020-04-21,AAPL,0.2528490006133287,30,1.0,16
2020-04-22,AAPL,0.18326987792031005,30,1.0,16
2020-04-23,AAPL,0.2050737807247578,30,1.0,17
2020-04-24,AAPL,0.3299784548757946,30,1.0,16
2020-04-27,AAPL,0.14599280413373836,30,1.0,16
2020-04-28,AAPL,0.25226607166957776,30,1.0,16
2020-04-29,AAPL,0.16463297575168587,30,1.0,16
2020-04-30,AAPL,0.14652400759209736,30,1.0,17
2020-05-01,AAPL,0.21252404222528917,30,1.0,16
2020-05-04,AAPL,0.15305269199508914,30,1.0,16
2020-05-05,AAPL,0.159837739749158,30,1.0,16
2020-05-06,AAPL,0.14347617277233074,30,1.0,16
2020-05-07,AAPL,0.21357208090039265,30,1.0,17
2020-05-08,AAPL,0.17180353322387004,30,1.0,16
2020-05-11,AAPL,0.1274666980842239,30,1.0,16
2020-05-12,AAPL,0.12154731493909657,30,1.0,16
2020-05-13,AAPL,0.2685735888431342,30,1.0,16
2020-05-14,AAPL,0.262536559412987,30,1.0,16
2020-05-15,AAPL,0.13822969896911055,30,1.0,15
2020-05-18,AAPL,0.1387343101508108,30,1.0,15
2020-05-19,AAPL,0.13682748379310056,30,1.0,15
2020-05-20,AAPL,0.14681478142465626,30,1.0,16
2020-05-21,AAPL,0.15652365670545026,30,1.0,17
2020-05-22,AAPL,0.28403659354606386,30,1.0,17
2020-05-26,AAPL,0.21657816884290146,30,1.0,17
2020-05-27,AAPL,0.17134420278154652,30,1.0,17
2020-05-28,AAPL,0.1092473846878434,30,1.0,18
2020-05-29,AAPL,0.12031839930924446,30,1.0,17
2020-06-01,AAPL,0.21798761294073074,30,1.0,17
2020-06-02,AAPL,0.25051549262228623,30,1.0,17
2020-06-03,AAPL,0.11152242076354953,30,1.0,17
2020-06-04,AAPL,0.24598790954659977,30,1.0,18
2020-06-05,AAPL,0.18912750627082112,30,1.0,17
2020-06-08,AAPL,0.14145398335150644,30,1.0,18
2020-06-09,AAPL,0.1351074108440913,30,1.0,18
2020-06-10,AAPL,0.11187099904774203,30,1.0,18
2020-06-11,AAPL,0.24189384727182225,30,1.0,19
2020-06-12,AAPL,0.20119944176224072,30,1.0,18
2020-06-15,AAPL,0.15718561317698249,30,1.0,18
2020-06-16,AAPL,0.17586589497513283,30,1.0,18
2020-06-17,AAPL,0.14121019943708898,30,1.0,18
2020-06-19,AAPL,0.16169665304733166,30,1.0,17
2020-06-22,AAPL,0.18344110115297374,30,1.0,17
2020-06-23,AAPL,0.20663035576676492,30,1.0,17
2020-06-24,AAPL,0.26839871575594815,30,1.0,17
2020-06-25,AAPL,0.16375545770317296,30,1.0,18
2020-06-26,AAPL,0.32496633370957745,30,1.0,17
2020-06-29,AAPL,0.3204622443589737,30,1.0,17
2020-06-30,AAPL,0.16242092868082653,30,1.0,17
2020-07-01,AAPL,0.2749223435620094,30,1.0,17
2020-07-02,AAPL,0.17940288833946483,30,1.0,17
2020-07-06,AAPL,0.19098122145295454,30,1.0,17
2020-07-07,AAPL,0.1553163569612325,30,1.0,17
2020-07-08,AAPL,0.28062725713861414,30,1.0,17
2020-07-09,AAPL,0.1815247793822133,30,1.0,18
2020-07-10,AAPL,0.299563840341288,30,1.0,17
2020-07-13,AAPL,0.33913983318102414,30,1.0,17
2020-07-14,AAPL,0.2787776171493266,30,1.0,17
2020-07-15,AAPL,0.18939616019138192,30,1.0,17
2020-07-16,AAPL,0.39568979925817266,30,1.0,17
2020-07-17,AAPL,0.16991011285209842,30,1.0,16
2020-07-20,AAPL,0.2079950685237508,30,1.0,16
2020-07-21,AAPL,0.1885592611485877,30,1.0,16
2020-07-22,AAPL,0.17541445165977754,30,1.0,16
2020-07-23,AAPL,0.20039524537573933,30,1.0,17
2020-07-24,AAPL,0.1952448248051046,30,1.0,16
2020-07-27,AAPL,0.1442705486901898,30,1.0,17
2020-07-28,AAPL,0.15464478782094446,30,1.0,17
2020-07-29,AAPL,0.2916577123148462,30,1.0,17
2020-07-30,AAPL,0.1672063111500408,30,1.0,18
2020-07-31,AAPL,0.22242063139464577,30,1.0,17
2020-08-03,AAPL,0.28921423649726086,30,1.0,17
2020-08-04,AAPL,0.23456300256757762,30,1.0,17
2020-08-05,AAPL,0.2455016668291002,30,1.0,17
2020-08-06,AAPL,0.24682941267749223,30,1.0,18
2020-08-07,AAPL,0.262669805205194,30,1.0,17
2020-08-10,AAPL,0.3233647799534067,30,1.0,17
2020-08-11,AAPL,0.30263580550206787,30,1.0,17
2020-08-12,AAPL,0.24588847986082524,30,1.0,17
2020-08-13,AAPL,0.17752252459856996,30,1.0,18
2020-08-14,AAPL,0.2511253210602728,30,1.0,17
2020-08-17,AAPL,0.176900541367487,30,1.0,17
2020-08-18,AAPL,0.17283887631306374,30,1.0,17
2020-08-19,AAPL,0.1640331345041162,30,1.0,17
2020-08-20,AAPL,0.4135431116478669,30,1.0,18
2020-08-21,AAPL,0.2517726830886915,30,1.0,17
2020-08-24,AAPL,0.38207706336772557,30,1.0,17
2020-08-25,AAPL,0.3646256353066614,30,1.0,17
2020-08-26,AAPL,0.49040328316233206,30,1.0,17
2020-08-27,AAPL,0.45861975638521923,30,1.0,18
2020-08-28,AAPL,0.39227507912596277,30,1.0,17
2020-08-31,AAPL,0.4141598949472321,30,1.0,17
2020-09-01,AAPL,0.5205729226994986,30,1.0,17
2020-09-02,AAPL,0.3695818766368739,30,1.0,17
2020-09-03,AAPL,0.5674425671988,30,1.0,18
2020-09-04,AAPL,0.5484865585515035,30,1.0,17
2020-09-08,AAPL,0.5141364574381266,30,1.0,17
2020-09-09,AAPL,0.4473374769257886,30,1.0,17
2020-09-10,AAPL,0.4766392788060923,30,1.0,18
2020-09-11,AAPL,0.34070269036611844,30,1.0,17
2020-09-14,AAPL,0.3623514551774007,30,1.0,18
2020-09-15,AAPL,0.2206518460728455,30,1.0,18
2020-09-16,AAPL,0.177946681269768,30,1.0,18
2020-09-17,AAPL,0.24806884753987174,30,1.0,18
2020-09-18,AAPL,0.38691859146790536,30,1.0,17
2020-09-21,AAPL,0.4073425930142651,30,1.0,17
2020-09-22,AAPL,0.40824602834794216,30,1.0,17
2020-09-23,AAPL,0.4352050544007536,30,1.0,17
2020-09-24,AAPL,0.46718665504158824,30,1.0,18
2020-09-25,AAPL,0.34728613434892786,30,1.0,17
2020-09-28,AAPL,0.4200705230271215,30,1.0,17
2020-09-30,AAPL,0.2905918000178506,30,1.0,17
2020-10-01,AAPL,0.4338124031419366,30,1.0,18
2020-10-02,AAPL,0.45527960075858587,30,1.0,17
2020-10-05,AAPL,0.43540415987615144,30,1.0,17
2020-10-06,AAPL,0.45896000782488344,30,1.0,17
2020-10-07,AAPL,0.3995905245938782,30,1.0,17
2020-10-08,AAPL,0.43481586813529843,30,1.0,18
2020-10-09,AAPL,0.35175447622658235,30,1.0,17
2020-10-12,AAPL,0.42019359248248755,30,1.0,17
2020-10-13,AAPL,0.35497776980744883,30,1.0,17
2020-10-14,AAPL,0.33627084442158206,30,1.0,17
2020-10-15,AAPL,0.3995049489595845,30,1.0,17
2020-10-16,AAPL,0.3530699170541611,30,1.0,16
2020-10-19,AAPL,0.27776246841789587,30,1.0,16
2020-10-20,AAPL,0.4467421501037673,30,1.0,16
2020-10-21,AAPL,0.43527008470448814,30,1.0,16
2020-10-22,AAPL,0.31551805564555613,30,1.0,17
2020-10-23,AAPL,0.30833989444903787,30,1.0,16
2020-10-26,AAPL,0.41659719464813905,30,1.0,17
2020-10-27,AAPL,0.3777113047858111,30,1.0,17
2020-10-28,AAPL,0.4723173345254747,30,1.0,17
2020-10-29,AAPL,0.40016411021452897,30,1.0,18
2020-10-30,AAPL,0.35494043339150505,30,1.0,17
2020-11-02,AAPL,0.38212994731791117,30,1.0,17
2020-11-03,AAPL,0.24109776078796294,30,1.0,17
2020-11-04,AAPL,0.17670776191001558,30,1.0,17
2020-11-05,AAPL,0.1651778687482515,30,1.0,18
2020-11-06,AAPL,0.2219862718460154,30,1.0,17
2020-11-09,AAPL,0.23975163923324744,30,1.0,17
2020-11-10,AAPL,0.288353989568651,30,1.0,17
2020-11-11,AAPL,0.24274590664340748,30,1.0,17
2020-11-12,AAPL,0.2500743080096786,30,1.0,18
2020-11-13,AAPL,0.182645896205259,30,1.0,17
2020-11-16,AAPL,0.18685025081888154,30,1.0,17
2020-11-17,AAPL,0.1597894111273376,30,1.0,17
2020-11-18,AAPL,0.1712736256791857,30,1.0,17
2020-11-19,AAPL,0.18794375534931884,30,1.0,18
2020-11-20,AAPL,0.19625706571239632,30,1.0,17
2020-11-23,AAPL,0.26601107512954936,30,1.0,17
2020-11-24,AAPL,0.24962185534914816,30,1.0,17
2020-11-25,AAPL,0.2626276017702109,30,1.0,18
2020-11-30,AAPL,0.2885209842261836,30,1.0,17
2020-12-01,AAPL,0.32563438706273756,30,1.0,17
2020-12-02,AAPL,0.289649574331976,30,1.0,17
2020-12-03,AAPL,0.3188019735842239,30,1.0,18
2020-12-04,AAPL,0.27483258406947264,30,1.0,17
2020-12-07,AAPL,0.2722380214846655,30,1.0,17
2020-12-08,AAPL,0.24870388485079134,30,1.0,17
2020-12-09,AAPL,0.2744149412133299,30,1.0,17
2020-12-10,AAPL,0.22553288591777587,30,1.0,18
2020-12-11,AAPL,0.2594089416061963,30,1.0,17
2020-12-14,AAPL,0.22389739241983939,30,1.0,17
2020-12-15,AAPL,0.196528570187783,30,1.0,17
2020-12-16,AAPL,0.16500239815317094,30,1.0,17
2020-12-17,AAPL,0.201761962063145,30,1.0,17
2020-12-18,AAPL,0.22926906669320654,30,1.0,16
2020-12-21,AAPL,0.2874462942796927,30,1.0,16
2020-12-22,AAPL,0.2892372546744841,30,1.0,16
2020-12-23,AAPL,0.26226596028892935,30,1.0,17
2020-12-28,AAPL,0.3153284071644605,30,1.0,17
2020-12-29,AAPL,0.329719990478898,30,1.0,17
2020-12-30,AAPL,0.16371851024521544,30,1.0,17
2020-12-31,AAPL,0.21125021849658226,30,1.0,17
2021-01-04,AAPL,0.3577760696583914,30,1.0,17
2021-01-05,AAPL,0.2889241582744555,30,1.0,17
2021-01-06,AAPL,0.33249725989491163,30,1.0,17
2021-01-07,AAPL,0.28808620328103235,30,1.0,18
2021-01-08,AAPL,0.23358329134666198,30,1.0,17
2021-01-11,AAPL,0.3002673485136876,30,1.0,17
2021-01-12,AAPL,0.27534524303425556,30,1.0,17
2021-01-13,AAPL,0.29065206595164783,30,1.0,17
2021-01-14,AAPL,0.2635725441955452,30,1.0,17
2021-01-15,AAPL,0.355509368941675,30,1.0,16
2021-01-19,AAPL,0.3661423661989974,30,1.0,16
2021-01-20,AAPL,0.4829218182443453,30,1.0,16
2021-01-21,AAPL,0.4861567017474468,30,1.0,17
2021-01-22,AAPL,0.4692428002311852,30,1.0,16
2021-01-25,AAPL,0.3531022468995355,30,1.0,16
2021-01-26,AAPL,0.353532447163604,30,1.0,16
2021-01-27,AAPL,0.4905681420575243,30,1.0,16
2021-01-28,AAPL,0.36812983226994045,30,1.0,17
2021-01-29,AAPL,0.3764485124313608,30,1.0,16
2021-02-01,AAPL,0.31544379328592126,30,1.0,16
2021-02-02,AAPL,0.2543679806141837,30,1.0,16
2021-02-03,AAPL,0.23660751482479295,30,1.0,16
2021-02-04,AAPL,0.28319486157643226,30,1.0,17
2021-02-05,AAPL,0.27576171670767136,30,1.0,16
2021-02-08,AAPL,0.25702844496590876,30,1.0,16
2021-02-09,AAPL,0.26637640302693616,30,1.0,16
2021-02-10,AAPL,0.24958244365320986,30,1.0,16
2021-02-11,AAPL,0.26892944043406275,30,1.0,17
2021-02-12,AAPL,0.20502036924744588,30,1.0,17
2021-02-16,AAPL,0.1571571018499668,30,1.0,17
2021-02-17,AAPL,0.1437684956817901,30,1.0,17
2021-02-18,AAPL,0.1841810693936445,30,1.0,18
2021-02-19,AAPL,0.18229555294163974,30,1.0,17
2021-02-22,AAPL,0.1934489676943018,30,1.0,17
2021-02-23,AAPL,0.2560257161902075,30,1.0,17
2021-02-24,AAPL,0.30767087287905903,30,1.0,17
2021-02-25,AAPL,0.34262006149396995,30,1.0,18
2021-02-26,AAPL,0.28807453887209294,30,1.0,17
2021-03-01,AAPL,0.26077525903046705,30,1.0,17
2021-03-02,AAPL,0.2657011836093664,30,1.0,17
2021-03-03,AAPL,0.3052033774255202,30,1.0,17
2021-03-04,AAPL,0.3158941875228658,30,1.0,18
2021-03-05,AAPL,0.2881685218591313,30,1.0,17
2021-03-08,AAPL,0.3581853882775004,30,1.0,17
2021-03-09,AAPL,0.2897777080621401,30,1.0,17
2021-03-10,AAPL,0.31289059309360095,30,1.0,17
2021-03-11,AAPL,0.2703210948160951,30,1.0,18
2021-03-12,AAPL,0.24242807832877444,30,1.0,17
2021-03-15,AAPL,0.2029569313351344,30,1.0,17
2021-03-16,AAPL,0.19309497682204027,30,1.0,17
2021-03-17,AAPL,0.14854196946383041,30,1.0,17
2021-03-18,AAPL,0.20049964343926727,30,1.0,17
2021-03-19,AAPL,0.21030629960821332,30,1.0,16
2021-03-22,AAPL,0.2365631425524885,30,1.0,16
2021-03-23,AAPL,0.14380864117037628,30,1.0,17
2021-03-24,AAPL,0.25048180653611873,30,1.0,17
2021-03-25,AAPL,0.2160019960804157,30,1.0,18
2021-03-26,AAPL,0.20716483025077176,30,1.0,17
2021-03-29,AAPL,0.2498746877394823,30,1.0,18
2021-03-30,AAPL,0.29338983364913707,30,1.0,18
2021-03-31,AAPL,0.2267349254429384,30,1.0,18
2021-04-01,AAPL,0.2111656210945106,30,1.0,18
2021-04-05,AAPL,0.26138086834858104,30,1.0,18
2021-04-06,AAPL,0.17548830992310854,30,1.0,18
2021-04-07,AAPL,0.15183768022805,30,1.0,18
2021-04-08,AAPL,0.1751503884044105,30,1.0,19
2021-04-09,AAPL,0.17016967010675318,30,1.0,18
2021-04-12,AAPL,0.16808693860534143,30,1.0,18
2021-04-13,AAPL,0.1851192326514826,30,1.0,18
2021-04-14,AAPL,0.24468082586001488,30,1.0,18
2021-04-15,AAPL,0.24124796118922534,30,1.0,18
2021-04-16,AAPL,0.2760766620514616,30,1.0,17
2021-04-19,AAPL,0.3120860519252577,30,1.0,17
2021-04-20,AAPL,0.20027129874044233,30,1.0,17
2021-04-21,AAPL,0.5058513881983738,30,1.0,17
2021-04-22,AAPL,0.48749671577886333,30,1.0,18
2021-04-23,AAPL,0.42320956237740065,30,1.0,17
2021-04-26,AAPL,0.2404438520564167,30,1.0,17
2021-04-27,AAPL,0.23288936981381742,30,1.0,17
2021-04-28,AAPL,0.2786075065181298,30,1.0,17
2021-04-29,AAPL,0.16272664862930097,30,1.0,18
2021-04-30,AAPL,0.22966846077406586,30,1.0,17
2021-05-03,AAPL,0.129112916915647,30,1.0,17
2021-05-04,AAPL,0.2050216686588966,30,1.0,17
2021-05-05,AAPL,0.2495825195504461,30,1.0,17
2021-05-06,AAPL,0.1262335137087842,30,1.0,18
2021-05-07,AAPL,0.19043565958525865,30,1.0,17
2021-05-10,AAPL,0.2150916631852713,30,1.0,17
2021-05-11,AAPL,0.229833413365497,30,1.0,17
2021-05-12,AAPL,0.2997653552332625,30,1.0,18
2021-05-13,AAPL,0.4194091108631521,30,1.0,19
2021-05-14,AAPL,0.1817544423852452,30,1.0,18
2021-05-17,AAPL,0.1859917925833625,30,1.0,18
2021-05-18,AAPL,0.19462562236402128,30,1.0,18
2021-05-19,AAPL,0.17145869831685845,30,1.0,18
2021-05-20,AAPL,0.1562562291736176,30,1.0,18
2021-05-21,AAPL,0.1994250521689875,30,1.0,17
2021-05-24,AAPL,0.1916585533387197,30,1.0,17
2021-05-25,AAPL,0.1781765935424894,30,1.0,17
2021-05-26,AAPL,0.1866240862747984,30,1.0,17
2021-05-27,AAPL,0.18671211168099805,30,1.0,18
2021-05-28,AAPL,0.1807490171118304,30,1.0,18
2021-06-01,AAPL,0.18353398444156468,30,1.0,18
2021-06-02,AAPL,0.16327620794466025,30,1.0,18
2021-06-03,AAPL,0.164275599282216,30,1.0,19
2021-06-04,AAPL,0.19147249090014098,30,1.0,18
2021-06-07,AAPL,0.32016696552012147,30,1.0,18
2021-06-08,AAPL,0.2199107575482203,30,1.0,18
2021-06-09,AAPL,0.22122679266189352,30,1.0,18
2021-06-10,AAPL,0.20039726176880088,30,1.0,19
2021-06-11,AAPL,0.18386449101631747,30,1.0,18
2021-06-14,AAPL,0.1657744423689976,30,1.0,18
2021-06-15,AAPL,0.15500800938464154,30,1.0,18
2021-06-16,AAPL,0.15561616353257324,30,1.0,18
2021-06-17,AAPL,0.1607049712656428,30,1.0,18
2021-06-18,AAPL,0.15480560922413614,30,1.0,17
2021-06-21,AAPL,0.13076891130326526,30,1.0,17
2021-06-22,AAPL,0.18514520731602183,30,1.0,17
2021-06-23,AAPL,0.20269916728686221,30,1.0,17
2021-06-24,AAPL,0.20286933270704977,30,1.0,18
2021-06-25,AAPL,0.19298039088975183,30,1.0,17
2021-06-28,AAPL,0.1695878225072679,30,1.0,17
2021-06-29,AAPL,0.15106199874138546,30,1.0,17
2021-06-30,AAPL,0.1629765523362869,30,1.0,17
2021-07-01,AAPL,0.13096161569136078,30,1.0,18
2021-07-02,AAPL,0.19105730989435496,30,1.0,17
2021-07-06,AAPL,0.14424098907225244,30,1.0,17
2021-07-07,AAPL,0.1252647407165254,30,1.0,17
2021-07-08,AAPL,0.2664935449995909,30,1.0,18
2021-07-09,AAPL,0.23790556251400294,30,1.0,17
2021-07-12,AAPL,0.23974771638402423,30,1.0,17
2021-07-13,AAPL,0.32875320079507137,30,1.0,18
2021-07-14,AAPL,0.3685284344320927,30,1.0,18
2021-07-15,AAPL,0.22760502748366648,30,1.0,18
2021-07-16,AAPL,0.3188122258947734,30,1.0,17
2021-07-19,AAPL,0.277172972334198,30,1.0,17
2021-07-20,AAPL,0.24785030276595058,30,1.0,18
2021-07-21,AAPL,0.30069929366835796,30,1.0,18
2021-07-22,AAPL,0.15944455902138202,30,1.0,19
2021-07-23,AAPL,0.3889673894587578,30,1.0,18
2021-07-26,AAPL,0.20116871371396566,30,1.0,18
2021-07-27,AAPL,0.2316329557447686,30,1.0,18
2021-07-28,AAPL,0.19620963266091926,30,1.0,18
2021-07-29,AAPL,0.11737666665913239,30,1.0,19
2021-07-30,AAPL,0.20362830528285267,30,1.0,18
2021-08-02,AAPL,0.22106515781390138,30,1.0,18
2021-08-03,AAPL,0.17431129871654288,30,1.0,18
2021-08-04,AAPL,0.11313686052238542,30,1.0,18
2021-08-05,AAPL,0.11336496571192935,30,1.0,19
2021-08-06,AAPL,0.2040371762707052,30,1.0,18
2021-08-09,AAPL,0.19153450331997654,30,1.0,18
2021-08-10,AAPL,0.18593874208489325,30,1.0,18
2021-08-11,AAPL,0.21674512462947282,30,1.0,18
2021-08-12,AAPL,0.16735297474207997,30,1.0,19
2021-08-13,AAPL,0.11666678677495305,30,1.0,18
2021-08-16,AAPL,0.16896295092254493,30,1.0,18
2021-08-17,AAPL,0.14127637041956756,30,1.0,18
2021-08-18,AAPL,0.1642433375365361,30,1.0,18
2021-08-19,AAPL,0.15955805954329838,30,1.0,19
2021-08-20,AAPL,0.15540296716291843,30,1.0,18
2021-08-23,AAPL,0.2053865357861695,30,1.0,18
2021-08-24,AAPL,0.17819792778699,30,1.0,18
2021-08-25,AAPL,0.13792893751893096,30,1.0,18
2021-08-26,AAPL,0.19024819718067404,30,1.0,19
2021-08-27,AAPL,0.15638824748503655,30,1.0,18
2021-08-30,AAPL,0.11459954956283264,30,1.0,18
2021-08-31,AAPL,0.19118862785315605,30,1.0,18
2021-09-01,AAPL,0.17719317123029854,30,1.0,18
2021-09-02,AAPL,0.170814610537156,30,1.0,19
2021-09-03,AAPL,0.15845517967178746,30,1.0,18
2021-09-07,AAPL,0.20393529254257645,30,1.0,18
2021-09-08,AAPL,0.2069604643984196,30,1.0,18
2021-09-09,AAPL,0.22768735282775232,30,1.0,19
2021-09-10,AAPL,0.2974154189269155,30,1.0,18
2021-09-13,AAPL,0.18617792230148295,30,1.0,19
2021-09-14,AAPL,0.2816656993342311,30,1.0,19
2021-09-15,AAPL,0.13775844619952654,30,1.0,19
2021-09-16,AAPL,0.13334710401828148,30,1.0,19
2021-09-17,AAPL,0.1622846268588399,30,1.0,18
2021-09-20,AAPL,0.2384070941867576,30,1.0,19
2021-09-21,AAPL,0.2228128368342365,30,1.0,19
2021-09-22,AAPL,0.20566501560981315,30,1.0,19
2021-09-23,AAPL,0.16622514051847745,30,1.0,20
2021-09-24,AAPL,0.15052008357640895,30,1.0,19
2021-09-27,AAPL,0.24467007319905187,30,1.0,19
2021-09-28,AAPL,0.2781740886361394,30,1.0,19
2021-09-29,AAPL,0.26647476807936643,30,1.0,19
2021-09-30,AAPL,0.2298001765790429,30,1.0,20
2021-10-01,AAPL,0.24755712236746683,30,1.0,19
2021-10-04,AAPL,0.20739565180525446,30,1.0,19
2021-10-05,AAPL,0.24309197039814862,30,1.0,19
2021-10-06,AAPL,0.1417360439779886,30,1.0,19
2021-10-07,AAPL,0.2392238776452732,30,1.0,20
2021-10-08,AAPL,0.20188318550148784,30,1.0,19
2021-10-11,AAPL,0.19430865111650086,30,1.0,19
2021-10-12,AAPL,0.2416212824544801,30,1.0,19
2021-10-13,AAPL,0.23302850605951567,30,1.0,19
2021-10-14,AAPL,0.16057357815103332,30,1.0,19
2021-10-15,AAPL,0.20290762701753018,30,1.0,18
2021-10-18,AAPL,0.22722869928965794,30,1.0,18
2021-10-19,AAPL,0.19163974095143832,30,1.0,18
2021-10-20,AAPL,0.20800118706195142,30,1.0,18
2021-10-21,AAPL,0.245263604059137,30,1.0,19
2021-10-22,AAPL,0.44630674573490675,30,1.0,18
2021-10-25,AAPL,0.17602547952025763,30,1.0,18
2021-10-26,AAPL,0.14860460258240013,30,1.0,18
2021-10-27,AAPL,0.12145411422906145,30,1.0,18
2021-10-28,AAPL,0.1391249464616491,30,1.0,19
2021-10-29,AAPL,0.2080073800133483,30,1.0,19
2021-11-01,AAPL,0.26299650483745235,30,1.0,19
2021-11-02,AAPL,0.278194082387294,30,1.0,19
2021-11-03,AAPL,0.2908153136618523,30,1.0,19
2021-11-04,AAPL,0.14654699549882033,30,1.0,20
2021-11-05,AAPL,0.1425855020622452,30,1.0,19
2021-11-08,AAPL,0.22505585965787106,30,1.0,19
2021-11-09,AAPL,0.12854223587414898,30,1.0,19
2021-11-10,AAPL,0.10142134087416362,30,1.0,19
2021-11-11,AAPL,0.20305592288300747,30,1.0,20
2021-11-12,AAPL,0.09681419356492892,30,1.0,19
2021-11-15,AAPL,0.1593376556665494,30,1.0,19
2021-11-16,AAPL,0.1428389038234385,30,1.0,19
2021-11-17,AAPL,0.12735487013531557,30,1.0,19
2021-11-18,AAPL,0.14791089860015202,30,1.0,20
2021-11-19,AAPL,0.17984027813562678,30,1.0,19
2021-11-22,AAPL,0.18783710905215611,30,1.0,19
2021-11-23,AAPL,0.13356644399319414,30,1.0,19
2021-11-24,AAPL,0.12780646206041385,30,1.0,20
2021-11-26,AAPL,0.25009356967740753,30,1.0,19
2021-11-29,AAPL,0.15947054401767358,30,1.0,19
2021-11-30,AAPL,0.23380825982395137,30,1.0,19
2021-12-01,AAPL,0.22550806609896804,30,1.0,19
2021-12-02,AAPL,0.23775404496133343,30,1.0,20
2021-12-03,AAPL,0.2606094089203333,30,1.0,19
2021-12-06,AAPL,0.22644950776219516,30,1.0,19
2021-12-07,AAPL,0.14770552752656982,30,1.0,19
2021-12-08,AAPL,0.2484245715158374,30,1.0,19
2021-12-09,AAPL,0.23855632838339316,30,1.0,20
2021-12-10,AAPL,0.22471983482647193,30,1.0,19
2021-12-13,AAPL,0.28304144723317454,30,1.0,19
2021-12-14,AAPL,0.2804619570361765,30,1.0,19
2021-12-15,AAPL,0.25360797136075,30,1.0,19
2021-12-16,AAPL,0.28061864833216393,30,1.0,19
2021-12-17,AAPL,0.2647549565170346,30,1.0,18
2021-12-20,AAPL,0.188433140949725,30,1.0,18
2021-12-21,AAPL,0.16240998065225493,30,1.0,18
2021-12-22,AAPL,0.1610353002928517,30,1.0,18
2021-12-23,AAPL,0.21293597274377515,30,1.0,18
2021-12-27,AAPL,0.265737779207436,30,1.0,18
2021-12-28,AAPL,0.25262823620625646,30,1.0,18
2021-12-29,AAPL,0.26121561339195704,30,1.0,18
2021-12-30,AAPL,0.24518073236038485,30,1.0,19
2021-12-31,AAPL,0.2276153292436037,30,1.0,18
2022-01-03,AAPL,0.22038364920576925,30,1.0,18
2022-01-04,AAPL,0.14864644995181467,30,1.0,18
2022-01-05,AAPL,0.2728619795635059,30,1.0,18
2022-01-06,AAPL,0.2137431586074681,30,1.0,21
2022-01-07,AAPL,0.2459145209927034,30,1.0,20
2022-01-10,AAPL,0.252675007291077,30,1.0,20
2022-01-11,AAPL,0.2048005353909833,30,1.0,20
2022-01-12,AAPL,0.19033683534214046,30,1.0,20
2022-01-13,AAPL,0.22466936085415704,30,1.0,21
2022-01-14,AAPL,0.1781295290864169,30,1.0,20
2022-01-17,AAPL,0.2051396606067616,30,1.0,20
2022-01-18,AAPL,0.23114251043477752,30,1.0,20
2022-01-19,AAPL,0.20087225814839882,30,1.0,21
2022-01-20,AAPL,0.21604579625986092,30,1.0,21
2022-01-21,AAPL,0.2155813189442731,30,1.0,20
2022-01-24,AAPL,0.2936714034779323,30,1.0,20
2022-01-25,AAPL,0.36513566873210745,30,1.0,20
2022-01-26,AAPL,0.354278272749782,30,1.0,20
2022-01-27,AAPL,0.38102608589893944,30,1.0,21
2022-01-28,AAPL,0.2613639707397295,30,1.0,20
2022-01-31,AAPL,0.23157597707635655,30,1.0,20
2022-02-01,AAPL,0.13295767503806272,30,1.0,20
2022-02-02,AAPL,0.19715085209622135,30,1.0,20
2022-02-03,AAPL,0.21360212883789767,30,1.0,21
2022-02-04,AAPL,0.2468341066888665,30,1.0,20
2022-02-07,AAPL,0.20353402557778844,30,1.0,20
2022-02-08,AAPL,0.2469055521922301,30,1.0,20
2022-02-09,AAPL,0.2664623514135598,30,1.0,20
2022-02-10,AAPL,0.1336423686262364,30,1.0,21
2022-02-11,AAPL,0.13824966919827983,30,1.0,20
2022-02-14,AAPL,0.13661783570253075,30,1.0,20
2022-02-15,AAPL,0.13387418695604925,30,1.0,20
2022-02-16,AAPL,0.11210949045891778,30,1.0,20
2022-02-17,AAPL,0.21918692845364818,30,1.0,20
2022-02-18,AAPL,0.19907726918178584,30,1.0,19
2022-02-21,AAPL,0.24560039704516173,30,1.0,19
2022-02-22,AAPL,0.2654060111941779,30,1.0,19
2022-02-23,AAPL,0.2869001059933363,30,1.0,19
2022-02-24,AAPL,0.2785977830648746,30,1.0,20
2022-02-25,AAPL,0.13397174399204878,30,1.0,19
2022-02-28,AAPL,0.14665278307932664,30,1.0,19
2022-03-01,AAPL,0.23580353561004888,30,1.0,19
2022-03-02,AAPL,0.2567452758790223,30,1.0,19
2022-03-03,AAPL,0.1722787698673309,30,1.0,20
2022-03-04,AAPL,0.22201873751907286,30,1.0,19
2022-03-07,AAPL,0.33748523314561596,30,1.0,19
2022-03-08,AAPL,0.2903015920008834,30,1.0,19
2022-03-09,AAPL,0.2535585250649084,30,1.0,19
2022-03-10,AAPL,0.2537139683655938,30,1.0,20
2022-03-11,AAPL,0.2678716168202173,30,1.0,20
2022-03-14,AAPL,0.19424602731131987,30,1.0,20
2022-03-15,AAPL,0.15849848133137806,30,1.0,20
2022-03-16,AAPL,0.17922036451631101,30,1.0,20
2022-03-17,AAPL,0.1618258971724587,30,1.0,20
2022-03-18,AAPL,0.22914098105192235,30,1.0,19
2022-03-21,AAPL,0.2171800086001131,30,1.0,19
2022-03-22,AAPL,0.19464002175517175,30,1.0,19
2022-03-23,AAPL,0.20479350907972804,30,1.0,19
2022-03-24,AAPL,0.24461099244158857,30,1.0,20
2022-03-25,AAPL,0.17901185049745644,30,1.0,19
2022-03-28,AAPL,0.19055461480379443,30,1.0,19
2022-03-29,AAPL,0.1832580759255738,30,1.0,19
2022-03-30,AAPL,0.24654081895991342,30,1.0,19
2022-03-31,AAPL,0.2521630019456451,30,1.0,20
2022-04-01,AAPL,0.16907465844327857,30,1.0,19
2022-04-04,AAPL,0.15829339409798557,30,1.0,19
2022-04-05,AAPL,0.256948387771111,30,1.0,19
2022-04-06,AAPL,0.12029542869008386,30,1.0,19
2022-04-07,AAPL,0.22279845253794167,30,1.0,20
2022-04-08,AAPL,0.30505784078567794,30,1.0,19
2022-04-11,AAPL,0.2389816832139604,30,1.0,19
2022-04-12,AAPL,0.14317630202707224,30,1.0,19
2022-04-13,AAPL,0.22804467936818854,30,1.0,19
2022-04-14,AAPL,0.213586567618432,30,1.0,18
2022-04-15,AAPL,0.16968268564300792,30,1.0,18
2022-04-18,AAPL,0.1893720130759294,30,1.0,18
2022-04-19,AAPL,0.2966739103022398,30,1.0,18
2022-04-20,AAPL,0.251244949154504,30,1.0,18
2022-04-21,AAPL,0.23774911679583038,30,1.0,19
2022-04-22,AAPL,0.31150496262771005,30,1.0,18
2022-04-25,AAPL,0.3046550265499548,30,1.0,18
2022-04-26,AAPL,0.37824008704925094,30,1.0,18
2022-04-27,AAPL,0.3647329363738915,30,1.0,18
2022-04-28,AAPL,0.3319119348838893,30,1.0,19
2022-04-29,AAPL,0.2385528320035962,30,1.0,18
2022-05-02,AAPL,0.25913819962474544,30,1.0,18
2022-05-03,AAPL,0.2672070827181093,30,1.0,18
2022-05-04,AAPL,0.12068433767658951,30,1.0,18
2022-05-05,AAPL,0.2472803202213475,30,1.0,19
2022-05-06,AAPL,0.266732992782421,30,1.0,18
2022-05-09,AAPL,0.3024422866108002,30,1.0,18
2022-05-10,AAPL,0.3527542555398373,30,1.0,18
2022-05-12,AAPL,0.25981209932719235,30,1.0,19
2022-05-13,AAPL,0.2205976416293554,30,1.0,18
2022-05-16,AAPL,0.18288641938154793,30,1.0,19
2022-05-17,AAPL,0.1855380665907154,30,1.0,19
2022-05-18,AAPL,0.21862409361123267,30,1.0,19
2022-05-19,AAPL,0.19032457752822346,30,1.0,19
2022-05-20,AAPL,0.24589287039854724,30,1.0,18
2022-05-23,AAPL,0.29050492219341356,30,1.0,18
2022-05-24,AAPL,0.16599559901952024,30,1.0,18
2022-05-25,AAPL,0.24183993160344835,30,1.0,18
2022-05-26,AAPL,0.2658060167690196,30,1.0,19
2022-05-27,AAPL,0.18200499106006346,30,1.0,18
2022-05-30,AAPL,0.1419619885011012,30,1.0,18
2022-05-31,AAPL,0.3059244578207207,30,1.0,18
2022-06-01,AAPL,0.2995220099971733,30,1.0,18
2022-06-02,AAPL,0.2881306270469163,30,1.0,19
2022-06-03,AAPL,0.21153278048774996,30,1.0,18
2022-06-06,AAPL,0.29188362338327434,30,1.0,18
2022-06-07,AAPL,0.27060780887661373,30,1.0,18
2022-06-08,AAPL,0.1214873631730362,30,1.0,18
2022-06-09,AAPL,0.13267016153562908,30,1.0,19
2022-06-10,AAPL,0.2814845311365371,30,1.0,18
2022-06-13,AAPL,0.18914327303779022,30,1.0,18
2022-06-14,AAPL,0.17696661655826848,30,1.0,18
2022-06-15,AAPL,0.12559070512814147,30,1.0,18
2022-06-16,AAPL,0.2876949611599305,30,1.0,18
2022-06-20,AAPL,0.17179560961612433,30,1.0,17
2022-06-21,AAPL,0.14400619684486696,30,1.0,17
2022-06-22,AAPL,0.5333098386161534,30,1.0,17
2022-06-23,AAPL,0.3082628524082141,30,1.0,18
2022-06-27,AAPL,0.12472568822169493,30,1.0,17
2022-06-28,AAPL,0.1488964648581216,30,1.0,17
2022-06-29,AAPL,0.33681540194715737,30,1.0,17
2022-06-30,AAPL,0.16883824954473092,30,1.0,18
2022-07-01,AAPL,0.15340962229347532,30,1.0,17
2022-07-04,AAPL,0.17669691323689177,30,1.0,17
2022-07-05,AAPL,0.20255076792284837,30,1.0,17
2022-07-06,AAPL,0.11131086913730794,30,1.0,18
2022-07-07,AAPL,0.19254044300582712,30,1.0,19
2022-07-08,AAPL,0.2941625486250462,30,1.0,18
2022-07-11,AAPL,0.30636179960745347,30,1.0,18
2022-07-12,AAPL,0.34176268215274236,30,1.0,18
2022-07-13,AAPL,0.3281746168810484,30,1.0,18
2022-07-14,AAPL,0.27508814872162596,30,1.0,18
2022-07-15,AAPL,0.23368532337120804,30,1.0,17
2022-07-18,AAPL,0.20125477108114243,30,1.0,17
2022-07-19,AAPL,0.1543428261434449,30,1.0,17
2022-07-20,AAPL,0.14275212390526093,30,1.0,17
2022-07-21,AAPL,0.17243091227912516,30,1.0,18
2022-07-22,AAPL,0.225076230673975,30,1.0,18
2022-07-25,AAPL,0.31462505896670034,30,1.0,18
2022-07-26,AAPL,0.2751080695563622,30,1.0,18
2022-07-27,AAPL,0.15600855224274657,30,1.0,18
2022-07-28,AAPL,0.21287317237563524,30,1.0,19
2022-07-29,AAPL,0.11616410673922065,30,1.0,18
2022-08-01,AAPL,0.14429942467527565,30,1.0,18
2022-08-02,AAPL,0.18362423969826203,30,1.0,18
2022-08-03,AAPL,0.11067530616322684,30,1.0,18
2022-08-04,AAPL,0.14715789156764902,30,1.0,19
2022-08-05,AAPL,0.19001159032292897,30,1.0,18
2022-08-08,AAPL,0.1583741117079524,30,1.0,18
2022-08-09,AAPL,0.2148704106089016,30,1.0,18
2022-08-10,AAPL,0.10216204464158912,30,1.0,18
2022-08-11,AAPL,0.2534596371190313,30,1.0,19
2022-08-12,AAPL,0.17025915317322488,30,1.0,18
2022-08-15,AAPL,0.1269255711966103,30,1.0,18
2022-08-16,AAPL,0.09081937550062902,30,1.0,18
2022-08-17,AAPL,0.1270405697998592,30,1.0,18
2022-08-18,AAPL,0.1475037412969012,30,1.0,19
2022-08-19,AAPL,0.143371316478471,30,1.0,18
2022-08-22,AAPL,0.22263609232911272,30,1.0,18
2022-08-23,AAPL,0.17272520060228155,30,1.0,18
2022-08-24,AAPL,0.1737123909937381,30,1.0,18
2022-08-25,AAPL,0.17539308067279066,30,1.0,19
2022-08-26,AAPL,0.15348087879653433,30,1.0,18
2022-08-29,AAPL,0.26033231986921695,30,1.0,18
2022-08-30,AAPL,0.17979430796535192,30,1.0,18
2022-08-31,AAPL,0.15752274133836486,30,1.0,18
2022-09-01,AAPL,0.15975795534645573,30,1.0,19
2022-09-02,AAPL,0.2505868576552118,30,1.0,18
2022-09-05,AAPL,0.23543282477871563,30,1.0,18
2022-09-06,AAPL,0.2504453469921779,30,1.0,18
2022-09-07,AAPL,0.24277979383674775,30,1.0,18
2022-09-08,AAPL,0.22126767544039602,30,1.0,19
2022-09-09,AAPL,0.17269648119657824,30,1.0,18
2022-09-12,AAPL,0.2567461571404349,30,1.0,19
2022-09-13,AAPL,0.3136411698590831,30,1.0,19
2022-09-14,AAPL,0.25303048385440025,30,1.0,19
2022-09-15,AAPL,0.25159442749627137,30,1.0,19
2022-09-16,AAPL,0.24350545300801094,30,1.0,18
2022-09-19,AAPL,0.17585310437264068,30,1.0,18
2022-09-20,AAPL,0.21523961914633782,30,1.0,18
2022-09-21,AAPL,0.1610916245981686,30,1.0,18
2022-09-22,AAPL,0.23070024063431124,30,1.0,19
2022-09-23,AAPL,0.23513576797510347,30,1.0,18
2022-09-26,AAPL,0.33854676501132575,30,1.0,18
2022-09-27,AAPL,0.35248724859142994,30,1.0,18
2022-09-28,AAPL,0.34976897764315945,30,1.0,18
2022-09-29,AAPL,0.3683205894446364,30,1.0,19
2022-09-30,AAPL,0.4133331800186008,30,1.0,18
2022-10-03,AAPL,0.31971614909830776,30,1.0,18
2022-10-04,AAPL,0.3313127391181169,30,1.0,18
2022-10-05,AAPL,0.33075924976804316,30,1.0,18
2022-10-06,AAPL,0.35469281889325066,30,1.0,19
2022-10-07,AAPL,0.4011643089739183,30,1.0,18
2022-10-10,AAPL,0.40069291916961497,30,1.0,18
2022-10-11,AAPL,0.37107039712320916,30,1.0,18
2022-10-12,AAPL,0.42326512660026683,30,1.0,18
2022-10-13,AAPL,0.35643543227023583,30,1.0,19
2022-10-14,AAPL,0.3004089951593486,30,1.0,18
2022-10-17,AAPL,0.23046897013114803,30,1.0,18
2022-10-18,AAPL,0.19912413747349872,30,1.0,18
2022-10-19,AAPL,0.24540415105062824,30,1.0,18
2022-10-20,AAPL,0.19327520236095927,30,1.0,19
2022-10-21,AAPL,0.24074254090196712,30,1.0,18
2022-10-24,AAPL,0.327803159228484,30,1.0,18
2022-10-25,AAPL,0.3323231962319016,30,1.0,18
2022-10-26,AAPL,0.3298234480359711,30,1.0,18
2022-10-27,AAPL,0.36162123309871586,30,1.0,20
2022-10-28,AAPL,0.23374232088377386,30,1.0,19
2022-10-31,AAPL,0.1504396682297038,30,1.0,19
2022-11-01,AAPL,0.23312648923367824,30,1.0,19
2022-11-02,AAPL,0.22116049819402556,30,1.0,19
2022-11-03,AAPL,0.26589841367681644,30,1.0,19
2022-11-04,AAPL,0.1943375111333145,30,1.0,19
2022-11-07,AAPL,0.30785657403264594,30,1.0,19
2022-11-08,AAPL,0.2596872737021202,30,1.0,19
2022-11-09,AAPL,0.34239799809877663,30,1.0,19
2022-11-10,AAPL,0.20056183024469537,30,1.0,20
2022-11-11,AAPL,0.1513089160084092,30,1.0,19
2022-11-14,AAPL,0.16834073743836805,30,1.0,19
2022-11-15,AAPL,0.15808669377514967,30,1.0,19
2022-11-16,AAPL,0.1469813255298886,30,1.0,19
2022-11-17,AAPL,0.185965112996053,30,1.0,19
2022-11-18,AAPL,0.19826136338595293,30,1.0,18
2022-11-21,AAPL,0.13403551470331412,30,1.0,18
2022-11-22,AAPL,0.2160129244552552,30,1.0,18
2022-11-23,AAPL,0.1501876086867558,30,1.0,19
2022-11-24,AAPL,0.15133668221670085,30,1.0,18
2022-11-25,AAPL,0.10954528307429712,30,1.0,18
2022-11-28,AAPL,0.1607077169796618,30,1.0,18
2022-11-29,AAPL,0.24456772986944064,30,1.0,18
2022-11-30,AAPL,0.13420886492055667,30,1.0,18
2022-12-01,AAPL,0.13494116232993428,30,1.0,19
2022-12-02,AAPL,0.1472296972253919,30,1.0,18
2022-12-05,AAPL,0.14076175891449555,30,1.0,18
2022-12-06,AAPL,0.2012839112502833,30,1.0,18
2022-12-07,AAPL,0.22254847837197722,30,1.0,18
2022-12-08,AAPL,0.19032861398783218,30,1.0,19
2022-12-09,AAPL,0.27179738026623784,30,1.0,18
2022-12-12,AAPL,0.3138034194609573,30,1.0,18
2022-12-13,AAPL,0.3021721587193378,30,1.0,18
2022-12-14,AAPL,0.32055472384020617,30,1.0,20
2022-12-15,AAPL,0.34506874757120776,30,1.0,20
2022-12-19,AAPL,0.1791707519954511,30,1.0,19
2022-12-20,AAPL,0.15348989477702368,30,1.0,19
2022-12-21,AAPL,0.19066936471974402,30,1.0,19
2022-12-22,AAPL,0.17877986684780553,30,1.0,20
2022-12-23,AAPL,0.26415047209201814,30,1.0,19
2022-12-26,AAPL,0.26138137850915083,30,1.0,19
2022-12-27,AAPL,0.2891273251241025,30,1.0,19
2022-12-28,AAPL,0.18805317005994052,30,1.0,19
2022-12-29,AAPL,0.20877970749690652,30,1.0,20
2022-12-30,AAPL,0.1794528565090609,30,1.0,19
