date,ticker,iv_reference,forecast_volatility,filtered_variance,spread
2021-01-06,AAPL,0.009080446230486115,0.061437433930095514,0.008097014355728738,-0.0523569876996094
2021-01-07,AAPL,0.007125811846333958,0.76267892759698,1.2479675784872144,-0.755553115750646
2021-01-08,AAPL,0.00445888886232552,0.7380078019061722,1.1685348986108068,-0.7335489130438467
2021-01-11,AAPL,0.007853476408171781,0.0395372538726132,0.0033526240318449262,-0.03168377746444142
2021-01-12,AAPL,0.006494869591205808,0.4092445148533556,0.3593226193700848,-0.4027496452621498
2021-01-13,AAPL,0.006938660819466577,0.17964958457400437,0.03227589428603325,-0.17271092375453778
2021-01-14,AAPL,0.005735524558558437,0.1798507979112565,0.03234823486355241,-0.17411527335269805
2021-01-15,AAPL,0.013375823632416257,0.17978627705442557,0.032325029390104086,-0.1664104534220093
2021-01-19,AAPL,0.011121120532346759,0.1801152057459078,0.032443418360586986,-0.16899408521356105
2021-01-20,AAPL,0.019155123192004537,0.17878573590613922,0.031966241980967286,-0.15963061271413467
2021-01-21,AAPL,0.0193826931701848,0.3230397334723076,0.10187011665734241,-0.30365704030212276
2021-01-22,AAPL,0.01832424878502912,0.33508251725790833,0.11015123585035706,-0.3167582684728792
2021-01-25,AAPL,0.010398533975790929,0.350087857232851,0.12089360292454114,-0.3396893232570601
2021-01-26,AAPL,0.010449959919996001,0.3541045087142497,0.12384896730802403,-0.3436545487942537
2021-01-27,AAPL,0.019766488718309164,0.35328065347030624,0.1232400442376377,-0.3335141647519971
2021-01-28,AAPL,0.011450078026834452,0.3349683660363079,0.1100238750495139,-0.32351828800947346
2021-01-29,AAPL,0.012700304208792212,0.3150733908097327,0.09651204006565164,-0.3023730866009405
2021-02-01,AAPL,0.009498295022795346,0.31843119903721095,0.09873450710732422,-0.3089329040144156
2021-02-02,AAPL,0.005653282825174646,0.3246549435257755,0.10291618503683149,-0.3190016607006009
2021-02-03,AAPL,0.004598207665649174,0.32170816912616157,0.10092618480726788,-0.3171099614605124
2021-02-04,AAPL,0.006799326997812927,0.33386285751380385,0.10932299410468334,-0.3270635305159909
2021-02-05,AAPL,0.006310936702713804,0.33427521720987896,0.10961107009297669,-0.32796428050716514
2021-02-08,AAPL,0.005654663575964224,0.33793422183017185,0.11218284048819302,-0.33227955825420763
2021-02-09,AAPL,0.005893991508735523,0.33633936547693194,0.11105843657367533,-0.3304453739681964
2021-02-10,AAPL,0.005116335993422443,0.3352578204483762,0.11029895349637765,-0.3301414844549538
2021-02-11,AAPL,0.0060249071120906834,0.05292996276665281,0.0038943531326124424,-0.04690505565456213
2021-02-12,AAPL,0.0035259569001780205,0.10307473888576846,0.020674375558894533,-0.09954878198559043
2021-02-16,AAPL,0.002060845808836805,0.04634978738014463,0.002493065471582345,-0.04428894157130782
2021-02-17,AAPL,0.0016976951270212676,0.04124770827300558,0.0015343979126791036,-0.03955001314598431
2021-02-18,AAPL,0.003599320063692304,0.04175721852810542,0.001625114343226791,-0.038157898464413115
2021-02-19,AAPL,0.003332493775105543,0.3058775047451802,0.0875190994287384,-0.3025450109700747
2021-02-22,AAPL,0.0033267407774006308,0.2909622076228554,0.07834295602583904,-0.28763546684545477
2021-02-23,AAPL,0.005646663455441209,0.28672670392275595,0.07582081325266192,-0.2810800404673147
2021-02-24,AAPL,0.0077750610384008595,0.28505738133831776,0.07483693150770171,-0.2772823202999169
2021-02-25,AAPL,0.009767398093439548,0.26523576899745344,0.06359337632653897,-0.25546837090401386
2021-02-26,AAPL,0.007147338571204447,0.2633739857751353,0.062388613870248855,-0.2562266472039309
2021-03-01,AAPL,0.005633507103036262,0.29963032312036625,0.08344856218471984,-0.29399681601732996
2021-03-02,AAPL,0.005798531810919245,0.28998235120863525,0.0775795569858008,-0.284183819397716
2021-03-03,AAPL,0.0077615249721785795,0.31447864830748196,0.09285628613556998,-0.3067171233353034
2021-03-04,AAPL,0.008805834156751829,0.29934157919189364,0.0832701268070818,-0.2905357450351418
2021-03-05,AAPL,0.007173039203937947,0.26415361801683673,0.06281293667243969,-0.25698057881289876
2021-03-08,AAPL,0.011028451702499133,0.24965502431025663,0.05512713916269482,-0.2386265726077575
2021-03-09,AAPL,0.007085158746231692,0.26008608033608205,0.06061293432846774,-0.2530009215898504
2021-03-10,AAPL,0.008041111256296616,0.26256685261194956,0.0619506442410424,-0.2545257413556529
2021-03-11,AAPL,0.005993232721362355,0.27787026772007684,0.0704835153114814,-0.27187703499871446
2021-03-12,AAPL,0.0049705499522443835,0.017925560978090664,0.0006882456921715437,-0.01295501102584628
2021-03-15,AAPL,0.0036971757684582814,0.015150651249690754,0.0004913279614151687,-0.011453475481232472
2021-03-16,AAPL,0.003063457453026505,0.012543719182249169,0.0003364315328966786,-0.009480261729222663
2021-03-17,AAPL,0.0018123021160191296,0.019087674351579896,0.0007805295498122979,-0.017275372235560766
2021-03-18,AAPL,0.004745627481160803,0.011731290953237295,0.0002941194292191048,-0.006985663472076492
2021-03-19,AAPL,0.004084567440212868,0.17284011020822512,0.024453264777658308,-0.16875554276801225
2021-03-22,AAPL,0.004638278292764658,0.1823059318529371,0.02789536452205738,-0.17766765356017242
2021-03-23,AAPL,0.0017002068226226424,0.1820042227326255,0.027782821682109226,-0.18030401591000286
2021-03-24,AAPL,0.005153276571094045,0.17577906077926855,0.025502328098025363,-0.1706257842081745
2021-03-25,AAPL,0.004576840376396779,0.20535764209053292,0.03704526355856154,-0.20078080171413615
2021-03-26,AAPL,0.0046602644388073575,0.21201536068584068,0.036933103443845865,-0.20735509624703333
2021-03-29,AAPL,0.005649162610506821,0.21417021028177943,0.037887925080733104,-0.2085210476712726
2021-03-30,AAPL,0.007252597365713873,0.20868068203787626,0.035474527781556346,-0.2014280846721624
2021-03-31,AAPL,0.004222480519278798,0.21692075300631136,0.03912072858858926,-0.21269827248703257
2021-04-01,AAPL,0.00367890137251975,0.22380913505515887,0.042277159417857674,-0.22013023368263912
2021-04-05,AAPL,0.005953595909236231,0.23651832985656665,0.04839644181589816,-0.23056473394733043
2021-04-06,AAPL,0.0026625734395014458,0.24290936851961206,0.05158245467085323,-0.24024679508011063
2021-04-07,AAPL,0.001893610384813299,0.25959450671700396,0.06030056139244137,-0.2577008963321907
2021-04-08,AAPL,0.002968623227234113,0.2704230323716487,0.06626833760082819,-0.2674544091444146
2021-04-09,AAPL,0.0025119974681085257,0.2886204873598953,0.07684647561658475,-0.2861084898917868
2021-04-12,AAPL,0.0023673668055422346,0.14847489092999638,0.02044385773354268,-0.14610752412445416
2021-04-13,AAPL,0.002866272648912589,0.1573031263239542,0.023261439539314817,-0.15443685367504162
2021-04-14,AAPL,0.004917362553578401,0.1541814697602238,0.022246551661632995,-0.14926410720664537
2021-04-15,AAPL,0.004783657897418483,0.1604669316124759,0.024310786454712182,-0.15568327371505744
2021-04-16,AAPL,0.006688339918566626,0.16124444503359836,0.02457186469863895,-0.15455610511503173
2021-04-19,AAPL,0.008642488846125928,0.13435784646068583,0.017931419593944297,-0.1257153576145599
2021-04-20,AAPL,0.0035784180338375754,0.1316347907191413,0.017182570198631935,-0.12805637268530373
2021-04-21,AAPL,0.021017303371193424,0.1309938545719166,0.017008539767732072,-0.10997655120072317
2021-04-22,AAPL,0.020238926697584744,0.1276935081487338,0.016125860190792107,-0.10745458145114904
2021-04-23,AAPL,0.015615283283465748,0.1321585266491057,0.017325408440156186,-0.11654324336563997
2021-04-26,AAPL,0.005377896357990066,0.1293323312764652,0.016658756950451,-0.12395443491847515
2021-04-27,AAPL,0.004654907332298816,0.12940644027727036,0.01667867088777948,-0.12475153294497154
2021-04-28,AAPL,0.006375531815681769,0.12780081578020452,0.016249775013905905,-0.12142528396452276
2021-04-29,AAPL,0.002499095761993135,0.12697624835930996,0.01603159690819488,-0.12447715259731681
2021-04-30,AAPL,0.004311616925556342,0.1208181341360393,0.014446835586333143,-0.11650651721048295
2021-05-03,AAPL,0.0014510940305493384,0.1075753948972792,0.011756966038496764,-0.10612430086672986
2021-05-04,AAPL,0.003656461960973155,0.10169815150916496,0.010481015228520574,-0.09804168954819181
2021-05-05,AAPL,0.0051163393547397126,0.09937845920889762,0.009997135020081286,-0.09426211985415792
2021-05-06,AAPL,0.0014879739126855628,0.09959851535264778,0.0100425586924907,-0.09811054143996221
2021-05-07,AAPL,0.0029636881863634302,0.09992161559785907,0.010109434637287537,-0.09695792741149564
2021-05-10,AAPL,0.0040418729489270985,0.09900313446070869,0.009919892781414707,-0.09496126151178158
2021-05-11,AAPL,0.004584675197060889,0.09818781733762326,0.009753106829160673,-0.09360314214056237
2021-05-12,AAPL,0.007380638402422885,0.09737093429181826,0.009587383724427818,-0.08999029588939537
2021-05-13,AAPL,0.015047033006870117,0.09688297607860259,0.009489050942800961,-0.08183594307173248
2021-05-14,AAPL,0.002694718630607779,0.09659889852765069,0.009432031479651503,-0.09390417989704292
2021-05-17,AAPL,0.002904916111352566,0.09664734891551438,0.009441744386232753,-0.09374243280416182
2021-05-18,AAPL,0.0031009097167710013,0.0968516146251697,0.00948274780158633,-0.0937507049083987
2021-05-19,AAPL,0.0024146088572520024,0.09669774200803158,0.009451852033620303,-0.09428313315077957
2021-05-20,AAPL,0.002213557045369499,0.0967055192714625,0.00945341243571614,-0.09449196222609299
2021-05-21,AAPL,0.0033330210034036353,0.0962519005172031,0.009362609810027858,-0.09291887951379947
2021-05-24,AAPL,0.0030372809363461263,0.09624844557788209,0.00936191981152078,-0.09321116464153596
2021-05-25,AAPL,0.002600869489000853,0.09597942275761107,0.00930827207615743,-0.0933785532686102
2021-05-26,AAPL,0.0028606597499033345,0.09595270752552082,0.009302952799757657,-0.09309204777561748
2021-05-27,AAPL,0.002925730944436201,0.09576864877811282,0.009266345063204931,-0.09284291783367662
2021-05-28,AAPL,0.0026701107801082894,0.09568033073984092,0.009248804303777397,-0.09301021995973263
2021-06-01,AAPL,0.0028001408578272407,0.09680155398618394,0.009526154534330235,-0.09400141312835669
2021-06-02,AAPL,0.0021896584251125785,0.09673894750242273,0.009513594109332864,-0.09454928907731015
2021-06-03,AAPL,0.0024267390895441983,0.09661608428245848,0.00948896829894206,-0.09418934519291428
2021-06-04,AAPL,0.003358101632893481,0.09629856269361965,0.009425471530758784,-0.09294046106072618
2021-06-07,AAPL,0.009780626966458079,0.09614755399983514,0.009395346724480237,-0.08636692703337706
2021-06-08,AAPL,0.003982441282870583,0.10036846580719755,0.010238882101553989,-0.09638602452432697
2021-06-09,AAPL,0.004019799615929602,0.10053712972207221,0.01027393206754883,-0.09651733010614261
2021-06-10,AAPL,0.003289800246892114,0.1000018159727064,0.010162891795451632,-0.09671201572581428
2021-06-11,AAPL,0.002762695734032093,0.09998653319432639,0.010159730388510398,-0.0972238374602943
2021-06-14,AAPL,0.002326959615503697,0.10053841025974504,0.01027419840055745,-0.09821145064424135
2021-06-15,AAPL,0.001967699493660053,0.09731593311426603,0.009795743087411645,-0.09534823362060599
2021-06-16,AAPL,0.001992144880270356,0.09701190175674904,0.009734631382806122,-0.09501975687647868
2021-06-17,AAPL,0.002318433246359172,0.09675487680953453,0.0096831173435187,-0.09443644356317535
2021-06-18,AAPL,0.001964798028831197,0.09661171930020752,0.0096544843606563,-0.09464692127137633
2021-06-21,AAPL,0.0013968342825180808,0.09655418608646013,0.009642989065809068,-0.09515735180394205
2021-06-22,AAPL,0.0028675923241540738,0.1034370487798329,0.010992693242233087,-0.10056945645567883
2021-06-23,AAPL,0.0033745977021941687,0.10327524193181414,0.010958271362379477,-0.09990064422961997
2021-06-24,AAPL,0.003401459100128374,0.1028606838804159,0.010870326509003546,-0.09945922478028753
2021-06-25,AAPL,0.003058921451051494,0.10304083477758115,0.010908500482343549,-0.09998191332652966
2021-06-28,AAPL,0.0023648038842097097,0.10231113702678597,0.010754290221531241,-0.09994633314257627
2021-06-29,AAPL,0.0018905881837937046,0.10201267307478473,0.01069153027510931,-0.10012208489099103
2021-06-30,AAPL,0.002181634695859886,0.10144802422453551,0.010573299547049534,-0.09926638952867563
2021-07-01,AAPL,0.0014106637326067313,0.10099189703320921,0.010478271126771271,-0.09958123330060248
2021-07-02,AAPL,0.0030223554104646735,0.10024965391712118,0.010324549411643406,-0.09722729850665651
2021-07-06,AAPL,0.0017109653515643168,0.09912747534426189,0.01009429460889402,-0.09741650999269758
2021-07-07,AAPL,0.001288814587652784,0.09622918622751317,0.009496737073018818,-0.09494037163986038
2021-07-08,AAPL,0.00646367458951543,0.09573115503839091,0.00939858517789805,-0.08926748044887549
2021-07-09,AAPL,0.006489506258607637,0.09281018838131516,0.008833174727044488,-0.08632068212270752
2021-07-12,AAPL,0.004915508798471323,0.09380432089250414,0.00902364198024503,-0.08888881209403282
2021-07-13,AAPL,0.0094016269741796,0.09153639367480083,0.00859209251681688,-0.08213476670062124
2021-07-14,AAPL,0.011155088864730645,0.04973285998066524,0.0025266528486478207,-0.03857777111593459
2021-07-15,AAPL,0.004246929142189841,0.030015058791875136,0.0009203022917976427,-0.025768129649685296
2021-07-16,AAPL,0.010156146825897858,0.04886348379063255,0.0024390877504288947,-0.03870733696473469
2021-07-19,AAPL,0.0064981156669953145,0.0995793670146594,0.010129785904104443,-0.09308125134766408
2021-07-20,AAPL,0.0051789031123414654,0.08994749217400966,0.008264935138651078,-0.08476858906166819
2021-07-21,AAPL,0.007426659960988304,0.09087765872227072,0.008436151126171054,-0.08345099876128241
2021-07-22,AAPL,0.002245919642754377,0.08298762915531437,0.007034878261279968,-0.08074170951255999
2021-07-23,AAPL,0.013361989369754296,0.06964083859373722,0.00495401478537205,-0.05627884922398293
2021-07-26,AAPL,0.004297978826912722,0.05791566316336136,0.0034262617791579386,-0.05361768433644864
2021-07-27,AAPL,0.004477103548839405,0.06743299745454799,0.004644875936323732,-0.06295589390570859
2021-07-28,AAPL,0.003162071645502802,0.08360642343399458,0.007144175353042566,-0.08044435178849177
2021-07-29,AAPL,0.0014583969779086126,0.08819888968765037,0.007950586917506722,-0.08674049270974175
2021-07-30,AAPL,0.003417246980956482,0.08762186388958725,0.007846896278569155,-0.08420461690863076
2021-08-02,AAPL,0.004336122366146991,0.08892809370942449,0.008082597262101695,-0.0845919713432775
2021-08-03,AAPL,0.0025690939155067418,0.0822450461554387,0.006913409255843348,-0.07967595223993196
2021-08-04,AAPL,0.0010513634475094542,0.08742258472418575,0.007910723350767753,-0.08637122127667629
2021-08-05,AAPL,0.0011825636150397522,0.08357596487412312,0.007229887318296944,-0.08239340125908337
2021-08-06,AAPL,0.0034027809938616174,0.08331425984147174,0.007184679472718678,-0.07991147884761013
2021-08-09,AAPL,0.003055099431052927,0.08307137073979783,0.0071428488160121435,-0.0800162713087449
2021-08-10,AAPL,0.0028289581866481196,0.08409980794562445,0.007320803744932304,-0.08127084975897633
2021-08-11,AAPL,0.0038370199580097285,0.08647541835272936,0.007628194549275222,-0.08263839839471963
2021-08-12,AAPL,0.0022977174606890237,0.07130692875732429,0.005186798085894022,-0.06900921129663527
2021-08-13,AAPL,0.0012455892333637605,0.06166963709415861,0.003879520916467375,-0.060424047860794854
2021-08-16,AAPL,0.0023306919584702326,0.028494621091084815,0.0008282335146784763,-0.02616392913261458
2021-08-17,AAPL,0.0016399919978190133,0.0001406779086259379,1e-10,0.0014993140891930755
2021-08-18,AAPL,0.002215679971138953,0.09644495841464924,0.009680190233290229,-0.09422927844351028
2021-08-19,AAPL,0.002433762244641262,0.09622217512740744,0.009635520135652244,-0.09378841288276618
2021-08-20,AAPL,0.0020743525390780307,0.0936867612524938,0.009134424151907593,-0.09161240871341576
2021-08-23,AAPL,0.0036195384181082445,0.09048737377784008,0.00852119592539606,-0.08686783535973183
2021-08-24,AAPL,0.002642806098456609,0.08640117872177626,0.007768974879854375,-0.08375837262331964
2021-08-25,AAPL,0.0015625670084284528,0.08060329976840613,0.00668290372824537,-0.07904073275997768
2021-08-26,AAPL,0.0029648051881177215,0.08387331449515212,0.007236145914449898,-0.0809085093070344
2021-08-27,AAPL,0.002045599662905759,0.08042308969133106,0.006653054194589048,-0.07837749002842531
2021-08-30,AAPL,0.001088975817934065,0.051387279783101175,0.0027162397574504744,-0.05029830396516711
2021-08-31,AAPL,0.003093577019440018,0.03699705908149983,0.0014079492353595055,-0.033903482062059814
2021-09-01,AAPL,0.0025787949839675374,0.06980826173277767,0.005099454208139254,-0.06722946674881013
2021-09-02,AAPL,0.002489942449833767,0.32244960859192534,0.10880216222672509,-0.3199596661420916
2021-09-03,AAPL,0.0025121126082807924,0.3106472108432216,0.1009831051812196,-0.30813509823494084
2021-09-07,AAPL,0.0022998132095978195,0.32913584498007,0.11336113617393097,-0.32683603177047216
2021-09-08,AAPL,0.0035013198039096378,0.342415208583483,0.12269304099524456,-0.33891388877957335
2021-09-09,AAPL,0.004330455424165475,0.05969443966149066,0.003520635599186481,-0.055363984237325185
2021-09-10,AAPL,0.0077449035229956295,0.060209040576027335,0.0036508862020785226,-0.052464137053031705
2021-09-13,AAPL,0.0028378438010630714,0.060468683047371984,0.0037170286468341572,-0.057630839246308914
2021-09-14,AAPL,0.006737653804262988,0.06073757670668128,0.0037858277870414367,-0.05399992290241829
2021-09-15,AAPL,0.0015587169405710053,0.06082511860495922,0.0038082921278995313,-0.059266401664388214
2021-09-16,AAPL,0.0017685171771836387,0.06102396565287542,0.0038169451007311218,-0.05925544847569178
2021-09-17,AAPL,0.00237342871231467,0.061465510193084105,0.0039272100266824405,-0.059092081480769436
2021-09-20,AAPL,0.005175065995021865,0.062100082381890395,0.004087071085694899,-0.05692501638686853
2021-09-21,AAPL,0.004314485281325705,0.06238239058161389,0.004158717720202244,-0.058067905300288186
2021-09-22,AAPL,0.0034741617143952417,0.062205306394125866,0.004113737763197078,-0.058731144679730625
2021-09-23,AAPL,0.0024578336184411832,0.06301884094367224,0.004125331056572441,-0.060561007325231064
2021-09-24,AAPL,0.00188704824391386,0.06286334374261998,0.004084489972826851,-0.060976295498706125
2021-09-27,AAPL,0.005153495942897606,0.06293942864047315,0.004104460939370781,-0.057785932697575544
2021-09-28,AAPL,0.006493428004142529,0.0633563621285616,0.0042143276357511205,-0.056862934124419076
2021-09-29,AAPL,0.005832344959332158,0.06346313216128491,0.00424257941493272,-0.05763078720195275
2021-09-30,AAPL,0.004326616002491544,0.06417971153996509,0.0044777465164971865,-0.05985309553747355
2021-10-01,AAPL,0.00523987025409276,0.06408624138459722,0.004452755808440989,-0.058846371130504456
2021-10-04,AAPL,0.0041215937985733435,0.06458320542219469,0.004586044897779512,-0.06046161162362134
2021-10-05,AAPL,0.004900431290935085,0.064472016494103,0.004556133870432594,-0.059571585203167916
2021-10-06,AAPL,0.0016499807605941791,0.06419936131639388,0.004483004824884156,-0.0625493805557997
2021-10-07,AAPL,0.00478194692216502,0.06218414967752281,0.0041581755842000035,-0.05740220275535779
2021-10-08,AAPL,0.003705070957491165,0.06197024150266419,0.004102795907406709,-0.05826517054517302
2021-10-11,AAPL,0.0033939977596198316,0.06185355759677779,0.004072667509878107,-0.05845955983715796
2021-10-12,AAPL,0.004889518576823149,0.06198644875958448,0.004106985197535648,-0.05709693018276133
2021-10-13,AAPL,0.004460145963110969,0.06211754466328927,0.0041409114452025135,-0.057657398700178296
2021-10-14,AAPL,0.0028097238495000286,0.060048428848158225,0.003766961742702785,-0.0572387049986582
2021-10-15,AAPL,0.003612736254652196,0.059669157684411396,0.0036700099059891193,-0.0560564214297592
2021-10-18,AAPL,0.0047649452143910635,0.059204278095934905,0.0035520122019635676,-0.054439332881543845
2021-10-19,AAPL,0.003062635067381962,0.058630100215094516,0.0034075458398640265,-0.055567465147712554
2021-10-20,AAPL,0.003554232254453679,0.058242221171056506,0.0033107500984510584,-0.05468798891660283
2021-10-21,AAPL,0.005071280916528524,0.05802971220353882,0.003257983496696202,-0.0529584312870103
2021-10-22,AAPL,0.017821717376203288,0.05804320953920294,0.0032613287362923296,-0.04022149216299965
2021-10-25,AAPL,0.0028398756946011027,0.058083227546222256,0.003271251549621083,-0.05524335185162115
2021-10-26,AAPL,0.0021207799187525594,0.05804798399164994,0.0032625122440585663,-0.055927204072897384
2021-10-27,AAPL,0.0012115882979572077,0.058110706160925396,0.0032780690717014965,-0.05689911786296819
2021-10-28,AAPL,0.0018712495654231132,0.04700285387252826,0.0020566648089584364,-0.045131604307105146
2021-10-29,AAPL,0.0045923828148575745,0.047251334293671135,0.0020974409859565685,-0.04265895147881356
2021-11-01,AAPL,0.006343691122738466,0.04769472694237097,0.0021707367903872447,-0.04135103581963251
2021-11-02,AAPL,0.006812150159246525,0.04770644060013507,0.002172682418778868,-0.04089429044088855
2021-11-03,AAPL,0.006946492962812033,0.047325779194653944,0.0021096994112851574,-0.040379286231841914
2021-11-04,AAPL,0.001762864669275022,0.03639871515561595,0.0012857435136337059,-0.03463585048634093
2021-11-05,AAPL,0.0009937645131047025,0.272232826756805,0.1147041635692024,-0.2712390622437003
2021-11-08,AAPL,0.004502469548170656,0.03624914341507491,0.0012688114837376182,-0.03174667386690425
2021-11-09,AAPL,0.0015298757870371553,0.24520329596219265,0.09291041617790992,-0.2436734201751555
2021-11-10,AAPL,0.0008450514599421106,0.2170760457190731,0.07264906401447713,-0.216230994259131
2021-11-11,AAPL,0.0034105705106099327,0.03882217220791667,0.0015065615359754721,-0.03541160169730674
2021-11-12,AAPL,0.0008962649016288226,0.18667429496602367,0.05424904212542682,-0.18577803006439483
2021-11-15,AAPL,0.0022452811685281142,0.03843229116961253,0.0014589130682225054,-0.036187010001084416
2021-11-16,AAPL,0.0017160167227166054,0.037980007845909367,0.0014042408006696347,-0.036263991123192764
2021-11-17,AAPL,0.00133217814427526,0.22289897711182394,0.07771992555232428,-0.2215667989675487
2021-11-18,AAPL,0.0020453923637133564,0.03469252667353328,0.001026297313605636,-0.03264713430981992
2021-11-19,AAPL,0.0026935742673030493,0.03226954394565391,0.0007696288930362281,-0.02957596967835086
2021-11-22,AAPL,0.0030109979852445757,0.34022518446987093,0.1822382500136824,-0.33721418648462637
2021-11-23,AAPL,0.0014660331593134106,0.3521794153852908,0.19533232520034013,-0.35071338222597737
2021-11-24,AAPL,0.0016413088479259722,0.11796456103469662,0.021136173325809412,-0.11632325218677064
2021-11-26,AAPL,0.005368619941702572,0.03974524604358897,0.0012847558617402979,-0.034376626101886396
2021-11-29,AAPL,0.002260324405882899,0.03964347076924093,0.0012716465059990105,-0.03738314636335803
2021-11-30,AAPL,0.0045258579273030515,0.03827179134999532,0.0010982439705705394,-0.03374593342269226
2021-12-01,AAPL,0.004176906694838001,0.037686715317814735,0.0010261383680519075,-0.033509808622976735
2021-12-02,AAPL,0.004814673837544688,0.03765821119165637,0.0010226538555273598,-0.032843537354111677
2021-12-03,AAPL,0.005821716377992381,0.035968994135550623,0.0009148479945566123,-0.030147277757558242
2021-12-06,AAPL,0.004325847492397738,0.035465818105784995,0.0008564984455718072,-0.031139970613387257
2021-12-07,AAPL,0.0020247225647855743,0.033369884298112155,0.0006222919352499,-0.03134516173332658
2021-12-08,AAPL,0.00506897158454881,0.030741047334738515,0.0003486999363764335,-0.025672075750189705
2021-12-09,AAPL,0.004898625770460979,0.02928566142210779,0.00020688226484679524,-0.02438703565164681
2021-12-10,AAPL,0.004545662363056076,0.04668274766367195,0.0016509644823043323,-0.04213708530061587
2021-12-13,AAPL,0.006662201982752376,0.0467321634482843,0.0016584528968443199,-0.04006996146553192
2021-12-14,AAPL,0.006512415984067474,0.04716342311314027,0.0017241417981362591,-0.0406510071290728
2021-12-15,AAPL,0.005282713889042178,0.04663294791297891,0.0016434258971684045,-0.04135023402393673
2021-12-16,AAPL,0.0065726252752024966,0.047728182843516896,0.0018110777666079405,-0.0411555575683144
2021-12-17,AAPL,0.005832897226148596,0.04795516455808175,0.0018576614721568182,-0.04212226733193315
2021-12-20,AAPL,0.0031070642836541667,0.04890901032340359,0.0020100805482927845,-0.04580194603974942
2021-12-21,AAPL,0.002173123871169071,0.04900242296316622,0.0020251687346226495,-0.046829299091997144
2021-12-22,AAPL,0.0021304510392666813,0.048676202337789215,0.0019726022493018265,-0.046545751298522536
2021-12-23,AAPL,0.004090086987066886,0.048442254487192964,0.0019351205891968476,-0.04435216750012608
2021-12-27,AAPL,0.005764960980500552,0.048436450024079196,0.0018800330588677275,-0.04267148904357865
2021-12-28,AAPL,0.005493491977196311,0.04825440277984037,0.0018504881022349611,-0.042760910802644055
2021-12-29,AAPL,0.005604408382095224,0.048248068167295884,0.0018494620432042501,-0.04264365978520066
2021-12-30,AAPL,0.005084981387073701,0.048509677378459945,0.0018919487068987642,-0.04342469599138624
2021-12-31,AAPL,0.0042927242236553914,0.04890119114873391,0.0019559617265213223,-0.04460846692507852
2022-01-03,AAPL,0.004147653514478199,0.047566081713125305,0.001789426362822419,-0.04341842819864711
2022-01-04,AAPL,0.002213366289696407,0.04779478597539724,0.001826690624176614,-0.045581419685700834
2022-01-05,AAPL,0.0061152930099880425,0.04884275387500335,0.0019997287927600695,-0.042727460865015304
2022-01-06,AAPL,0.0038789219014347316,0.0500296640873398,0.00220024112401077,-0.046150742185905064
2022-01-07,AAPL,0.0051503010481065235,0.05078213651295216,0.0023298545607401367,-0.04563183546484564
2022-01-10,AAPL,0.0053086477493629785,0.05257449863712766,0.0025653160026586357,-0.04726585088776468
2022-01-11,AAPL,0.0035711986239647165,0.052482931838971285,0.002548574312359315,-0.04891173321500657
2022-01-12,AAPL,0.0029756154808052416,0.052393068695194354,0.0025321724853937773,-0.04941745321438911
2022-01-13,AAPL,0.004139886253189355,0.05282845251520944,0.002611900575857987,-0.04868856626202009
2022-01-14,AAPL,0.0026858738982695335,0.05301407231350969,0.002646092141563952,-0.05032819841524016
2022-01-17,AAPL,0.0034352081470721213,0.051688335269814985,0.0025221280522743413,-0.048253127122742864
2022-01-18,AAPL,0.004390621665517291,0.05224249391718151,0.002624267659706799,-0.04785187225166422
2022-01-19,AAPL,0.00331414547402387,0.053081166185112744,0.0027809189235313333,-0.04976702071108887
2022-01-20,AAPL,0.004378809507280269,0.05380918368841078,0.00291892429711993,-0.04943037418113051
2022-01-21,AAPL,0.005504651157332871,0.054510797210523945,0.0030537032887652717,-0.04900614605319108
2022-01-24,AAPL,0.00808682010130481,0.058431406847514036,0.003534801226387896,-0.05034458674620923
2022-01-25,AAPL,0.011078709177165358,0.05883491987752606,0.003620365060571461,-0.0477562107003607
2022-01-26,AAPL,0.010309084935607497,0.059071466510863126,0.0036707979038472366,-0.04876238157525563
2022-01-27,AAPL,0.01190466912506307,0.05923852350481853,0.0037065371537120975,-0.04733385437975546
2022-01-28,AAPL,0.00569274367737602,0.058118380152424945,0.003468830356169786,-0.05242563647504893
2022-01-31,AAPL,0.0044600591720751655,0.059234552634351685,0.003498856048496583,-0.054774493462276516
2022-02-01,AAPL,0.0014473515146714404,0.058667369388715515,0.0033755289468315303,-0.05722001787404407
2022-02-02,AAPL,0.0031925588859819734,0.058235900908815114,0.0032825060238538483,-0.05504334202283314
2022-02-03,AAPL,0.004044318563779885,0.0582709412745809,0.00329003497204829,-0.05422662271080102
2022-02-04,AAPL,0.004997824805245885,0.058371182300997165,0.0033115982692869168,-0.053373357495751284
2022-02-07,AAPL,0.003394671950620756,0.06257728378819809,0.00384282762626644,-0.05918261183757733
2022-02-08,AAPL,0.005115307963168647,0.06239974012848221,0.003801057351912237,-0.057284432165313565
2022-02-09,AAPL,0.00583180163667592,0.06219831824797797,0.003753812999277092,-0.05636651661130205
2022-02-10,AAPL,0.001469462971756484,0.06242929251651421,0.0038080018388759666,-0.060959829544757725
2022-02-11,AAPL,0.0018225455328792772,0.06290738558525245,0.0039208053477273385,-0.06108484005237318
2022-02-14,AAPL,0.0015890028000802039,0.06006491060324753,0.0035971179668517197,-0.058475907803167325
2022-02-15,AAPL,0.0015014224712287412,0.059877789173843884,0.0035539700716383906,-0.058376366702615146
2022-02-16,AAPL,0.0010286091579681318,0.05979200620766825,0.0035342345833322677,-0.05876339704970012
2022-02-17,AAPL,0.004306102283137429,0.06006718493702448,0.0035976432282953967,-0.05576108265388705
2022-02-18,AAPL,0.0032579240849337407,0.06034307365045218,0.0036615077541010013,-0.05708514956551844
2022-02-21,AAPL,0.0056206073607100076,0.05943134691484652,0.003574768611505618,-0.05381073955413651
2022-02-22,AAPL,0.006161701758646358,0.059776451173903004,0.0036555862788846126,-0.053614749415256645
2022-02-23,AAPL,0.00676071195090423,0.06031923914685968,0.0037836449424099683,-0.05355852719595545
2022-02-24,AAPL,0.0065395597671141685,0.060373689002580916,0.0037965550506467013,-0.053834129235466745
2022-02-25,AAPL,0.001538598485979309,0.060204075797704024,0.003756377984934365,-0.058665477311724716
2022-02-28,AAPL,0.0017929846138856347,0.06138864274039661,0.0038808277489996326,-0.05959565812651098
2022-03-01,AAPL,0.004808092654468429,0.06143575084079447,0.0038924493985813997,-0.05662765818632604
2022-03-02,AAPL,0.005414219363023586,0.06119137683282577,0.0038322587361008602,-0.055777157469802184
2022-03-03,AAPL,0.002669813655152412,0.06105262081028229,0.003798189143378998,-0.058382807155129876
2022-03-04,AAPL,0.004033526660739688,0.061200262396865934,0.003834443096570811,-0.05716673573612625
2022-03-07,AAPL,0.009468331203862968,0.06110744973222697,0.0038663003357484287,-0.051639118528364
2022-03-08,AAPL,0.006926411533892995,0.06141734989339448,0.003944321711717049,-0.05449093835950149
2022-03-09,AAPL,0.005280653274958536,0.061153263549696545,0.003877809696648497,-0.055872610274738006
2022-03-10,AAPL,0.005359030127008573,0.061322729513912315,0.003920457950899018,-0.055963699386903744
2022-03-11,AAPL,0.006294075204406772,0.06165497804640476,0.004004415019495367,-0.05536090284199799
2022-03-14,AAPL,0.003743524375801894,0.06387613649013602,0.0043344374497183815,-0.06013261211433412
2022-03-15,AAPL,0.0020634723564332182,0.06375540971157834,0.004302028595130269,-0.06169193735514512
2022-03-16,AAPL,0.002679632716009915,0.06334388391971525,0.004192016044046538,-0.06066425120370534
2022-03-17,AAPL,0.0022383497268228503,0.06299681724070742,0.00409978900996556,-0.06075846751388457
2022-03-18,AAPL,0.004648153439032876,0.06258913393683029,0.003992101329003849,-0.05794098049779741
2022-03-21,AAPL,0.004188657470094822,0.06380346613946304,0.004094301346525387,-0.05961480866936822
2022-03-22,AAPL,0.0032476228818628422,0.06342054758001593,0.003989782344708305,-0.06017292469815309
2022-03-23,AAPL,0.003444781737629416,0.06313265947224803,0.003911616572124031,-0.05968787773461861
2022-03-24,AAPL,0.007943654139757268,0.06275393939540182,0.003809330247631882,-0.05481028525564455
2022-03-25,AAPL,0.0027583468123710615,0.06252632500683324,0.0037481512836983135,-0.059767978194462175
2022-03-28,AAPL,0.003353946989945443,0.06821389943253678,0.004479999204124284,-0.06485995244259134
2022-03-29,AAPL,0.0027747687267248968,0.06799544848157936,0.004416161409772409,-0.06522067975485446
2022-03-30,AAPL,0.004992391956457229,0.06797337429772365,0.004409722074869745,-0.06298098234126642
2022-03-31,AAPL,0.00527615776019822,0.0681576931850372,0.004463554520453296,-0.06288153542483899
2022-04-01,AAPL,0.0023922908605307756,0.06830976151645086,0.004508077568865809,-0.06591747065592009
2022-04-04,AAPL,0.002062719185238136,0.06819653537752823,0.004487341867986369,-0.0661338161922901
2022-04-05,AAPL,0.005613989763800011,0.06833078379433104,0.004526639769092277,-0.06271679403053103
2022-04-06,AAPL,0.0011883883909882338,0.06860228546225985,0.0046063513577430165,-0.06741389707127161
2022-04-07,AAPL,0.004210137550050609,0.06873256778607563,0.004644713856222262,-0.06452243023602502
2022-04-08,AAPL,0.010807597675488992,0.06892266387620957,0.004700819496923195,-0.05811506620072058
2022-04-11,AAPL,0.005301957040759884,0.07098674041628553,0.005042873812652944,-0.06568478337552565
2022-04-12,AAPL,0.0016841161894461778,0.07106111512407441,0.005065523571099533,-0.06937699893462823
2022-04-13,AAPL,0.004271406294713044,0.0709718349705608,0.005038337424365305,-0.06670042867584774
2022-04-14,AAPL,0.003746172529219817,0.07116629110527063,0.005097593905093909,-0.06742011857605082
2022-04-15,AAPL,0.0031116567921401776,0.07126588068769898,0.005128004549881873,-0.06815422389555881
2022-04-18,AAPL,0.003039655147531849,0.07132114395016982,0.005144882648759083,-0.06828148880263797
2022-04-19,AAPL,0.008312353345985344,0.07122763274495164,0.005116304718651163,-0.0629152793989663
2022-04-20,AAPL,0.005184726728345982,0.07118193602546834,0.0051023529965974895,-0.06599720929712236
2022-04-21,AAPL,0.004827070087908497,0.07118926856641195,0.005104591100666973,-0.06636219847850344
2022-04-22,AAPL,0.008047313339118447,0.07141167098419245,0.005172584305477866,-0.063364357645074
2022-04-25,AAPL,0.007812540287455256,0.07864954224432927,0.0068276866939149475,-0.07083700195687401
2022-04-26,AAPL,0.012274061828215393,0.0802348927386325,0.007367897342699274,-0.06796083091041712
2022-04-27,AAPL,0.010926488983097102,0.08100362908851609,0.007633726564517407,-0.07007714010541899
2022-04-28,AAPL,0.009104032790571023,0.07945647004739059,0.007101301477748876,-0.07035243725681957
2022-04-29,AAPL,0.004919561840177988,0.08013514702366704,0.007333591034954249,-0.07521558518348906
2022-05-02,AAPL,0.005664773492705178,0.07721977735880355,0.00732245611172489,-0.07155500386609837
2022-05-03,AAPL,0.005994954935109644,0.07662733955227727,0.007126980615824859,-0.07063238461716763
2022-05-04,AAPL,0.0011960540925973827,0.07341731047141169,0.006094005931906592,-0.07222125637881431
2022-05-05,AAPL,0.005106900077130894,0.07558962764314701,0.006788214424222679,-0.07048272756601612
2022-05-06,AAPL,0.006678689170856277,0.07631452549982476,0.00702437459803907,-0.06963583632896848
2022-05-09,AAPL,0.007823623872924226,0.08134870144435104,0.008275783677281233,-0.07352507757142682
2022-05-10,AAPL,0.01034421104577304,0.08137908213235767,0.008286386356820946,-0.07103487108658463
2022-05-12,AAPL,0.005535730939405993,0.08628352738093195,0.010049914656222101,-0.08074779644152597
2022-05-13,AAPL,0.003977496325398407,0.08640913847641286,0.01009643663922677,-0.08243164215101445
2022-05-16,AAPL,0.0029389500613118706,0.08683967784139845,0.010256406977565906,-0.08390072778008659
2022-05-17,AAPL,0.0029591303344539263,0.08740912588316035,0.01005782375002682,-0.08444999554870643
2022-05-18,AAPL,0.003925789447408477,0.09028595795355321,0.011153589821111604,-0.08636016850614472
2022-05-19,AAPL,0.0037276470050140423,0.0928109552548362,0.012144581175805873,-0.08908330824982215
2022-05-20,AAPL,0.006885512784466176,0.09338878570752307,0.01237520672805702,-0.0865032729230569
2022-05-23,AAPL,0.007785325918518129,0.09047923654743094,0.011228480280568063,-0.0826939106289128
2022-05-24,AAPL,0.0023452889642951633,0.09465260932123384,0.011970580172745297,-0.09230732035693869
2022-05-25,AAPL,0.004803810027502081,0.09406365665860002,0.011732338389685907,-0.08925984663109794
2022-05-26,AAPL,0.006230070904728073,0.09186629493383777,0.01085659046257322,-0.0856362240291097
2022-05-27,AAPL,0.00273913768639979,0.08770424429632061,0.009254560431544183,-0.08496510660992082
2022-05-30,AAPL,0.0016749236125035696,0.085616114287382,0.008478786253141513,-0.08394119067487843
2022-05-31,AAPL,0.007737233150011859,0.08537124319095972,0.008314503499072238,-0.07763401004094786
2022-06-01,AAPL,0.007368659586661917,0.08501638389262017,0.00818489828708697,-0.07764772430595826
2022-06-02,AAPL,0.006887472354091723,0.08365265846182192,0.007691848766325546,-0.0767651861077302
2022-06-03,AAPL,0.0047846630990103335,0.08554086891189676,0.008376646578466559,-0.08075620581288642
2022-06-06,AAPL,0.007180013358408741,0.08597039825149116,0.00853455806155564,-0.07879038489308242
2022-06-07,AAPL,0.0060192783857369305,0.08518785087970139,0.008211881551110444,-0.07916857249396446
2022-06-08,AAPL,0.0012100268246953115,0.08489215413515247,0.008104079119797497,-0.08368212731045716
2022-06-09,AAPL,0.0015915034394063986,0.08704307609328027,0.00889679631770705,-0.08545157265387388
2022-06-10,AAPL,0.00691059720911722,0.09032113369820016,0.010143063967869941,-0.08341053648908295
2022-06-13,AAPL,0.0030570310465502506,0.09404638070563497,0.01161526876240407,-0.09098934965908471
2022-06-14,AAPL,0.0025981229707191305,0.10400600279039149,0.014035284901796827,-0.10140787981967236
2022-06-15,AAPL,0.001363216768264284,0.10281471508256697,0.013507172157299976,-0.10145149831430268
2022-06-16,AAPL,0.011827110074779105,0.10466806199798885,0.014331414114475688,-0.09284095192320975
2022-06-20,AAPL,0.002429332096558419,0.10428774376894483,0.014161073766252733,-0.1018584116723864
2022-06-21,AAPL,0.0016991286484964452,0.10152217000275328,0.012941052267066138,-0.09982304135425683
2022-06-22,AAPL,0.023360935041090616,0.10035163303592114,0.012434550488114681,-0.07699069799483052
2022-06-23,AAPL,0.00794508511209771,0.0980325564882216,0.011448411602673257,-0.09008747137612388
2022-06-27,AAPL,0.001300584815388467,0.09510869184365933,0.010237957740224093,-0.09380810702827086
2022-06-28,AAPL,0.0018310608820755498,0.09582327788496026,0.010530406055661096,-0.09399221700288471
2022-06-29,AAPL,0.009317833889161355,0.09512186705801327,0.010243329961794143,-0.08580403316885192
2022-06-30,AAPL,0.0023465370625312255,0.10787896369362593,0.015427249519211829,-0.1055324266310947
2022-07-01,AAPL,0.0016922428042706198,0.10549460291463898,0.014399578495115138,-0.10380236011036836
2022-07-04,AAPL,0.00257655248036596,0.10408289305822942,0.013801949555707814,-0.10150634057786345
2022-07-05,AAPL,0.00351789643401896,0.09916766684832722,0.011783969889091831,-0.09564977041430825
2022-07-06,AAPL,0.001017736458624604,0.09482882389547928,0.010083733408637191,-0.09381108743685468
2022-07-07,AAPL,0.004073583500025992,0.08768059309050838,0.007195014761474572,-0.08360700959048238
2022-07-08,AAPL,0.007196464151404689,0.08480806611616556,0.00617120468979398,-0.07761160196476087
2022-07-11,AAPL,0.007845576152863735,0.0858796966731987,0.006549161530903488,-0.07803412052033495
2022-07-12,AAPL,0.009637310895322791,0.08560159129715536,0.006450619647924619,-0.07596428040183256
2022-07-13,AAPL,0.008845877661107055,0.08602025276557514,0.006599086770682313,-0.07717437510446808
2022-07-14,AAPL,0.006340531543965924,0.08580953331493908,0.006288771817835707,-0.07946900177097316
2022-07-15,AAPL,0.004582020735474868,0.08404542092804804,0.005654972820618186,-0.07946340019257317
2022-07-18,AAPL,0.003563772912844191,0.08536735062814198,0.006128670859994216,-0.08180357771529778
2022-07-19,AAPL,0.0020079719437722287,0.08383727297818583,0.005581059085921623,-0.0818293010344136
2022-07-20,AAPL,0.0016737754070655112,0.08196405515925599,0.0049241226271534416,-0.08029027975219048
2022-07-21,AAPL,0.002842476286972092,0.08078835505363993,0.004338220295339302,-0.07794587876666784
2022-07-22,AAPL,0.004356295698297366,0.08079307554247317,0.004339833636366696,-0.07643677984417581
2022-07-25,AAPL,0.00873040979309342,0.08178242132565705,0.004680046673196588,-0.07305201153256363
2022-07-26,AAPL,0.006478217610389625,0.08334051300724227,0.00522423367120546,-0.07686229539685265
2022-07-27,AAPL,0.0019990697835400102,0.08172298337521974,0.00465949043256171,-0.07972391359167973
2022-07-28,AAPL,0.003739642225796608,0.08128408303235293,0.004443612929594336,-0.07754444080655633
2022-07-29,AAPL,0.0011239800656741993,0.07853266011067651,0.0035002792857376022,-0.07740868004500231
2022-08-01,AAPL,0.001740538791520517,0.07795318397809921,0.003305744932019416,-0.07621264518657869
2022-08-02,AAPL,0.002793997145983533,0.07878434244755322,0.0035852196457570786,-0.07599034530156969
2022-08-03,AAPL,0.0010061287733345527,0.07702479700984617,0.0029970818196253285,-0.07601866823651161
2022-08-04,AAPL,0.0017760491296221932,0.08060651786551623,0.0033419994897612073,-0.07883046873589404
2022-08-05,AAPL,0.003159221809294352,0.0810131103221605,0.0034828581152444504,-0.07785388851286615
2022-08-08,AAPL,0.0022295243475190444,0.08183158159774995,0.0037685560329280697,-0.07960205725023091
2022-08-09,AAPL,0.0038262085621943815,0.0826495447021181,0.0040569457769128285,-0.07882333613992372
2022-08-10,AAPL,0.0006738386076409941,0.08177182945438304,0.003747601602117541,-0.08109799084674205
2022-08-11,AAPL,0.0054030542133314576,0.0824598520831464,0.0038663807700914867,-0.07705679786981495
2022-08-12,AAPL,0.0023943545736329354,0.08149062369267089,0.0035257616429830016,-0.07909626911903796
2022-08-15,AAPL,0.001343447397375232,0.08092848698125024,0.00333005331785749,-0.07958503958387501
2022-08-16,AAPL,0.0006929082823519247,0.08112311890491203,0.0033976612476339253,-0.0804302106225601
2022-08-17,AAPL,0.0013256118268577858,0.08107371972481354,0.0033804864214959313,-0.07974810789795576
2022-08-18,AAPL,0.002057396654158553,0.08445942533034753,0.003958878050623815,-0.08240202867618898
2022-08-19,AAPL,0.001840733106259333,0.08615017595928488,0.004577198189964892,-0.08430944285302555
2022-08-22,AAPL,0.004500975893511755,0.08891058661853296,0.0056130386680806185,-0.0844096107250212
2022-08-23,AAPL,0.0025289711994564232,0.09089502789707182,0.006377880912738355,-0.0883660566976154
2022-08-24,AAPL,0.002478517325766103,0.09206967718980467,0.006838567860542465,-0.08959115986403857
2022-08-25,AAPL,0.00469808798361348,0.09015594673673548,0.00646434001363194,-0.08545785875312199
2022-08-26,AAPL,0.002036842192705759,0.09322836620933823,0.007672095396176525,-0.09119152401663247
2022-08-29,AAPL,0.005764916383250996,0.09598558060769417,0.008790399639233575,-0.09022066422444318
2022-08-30,AAPL,0.0026549042430191166,0.09870513406499122,0.009925355912105072,-0.0960502298219721
2022-08-31,AAPL,0.002038591102064428,0.10101263831928907,0.010913216170125913,-0.09897404721722464
2022-09-01,AAPL,0.0026332051868254718,0.10480946762793668,0.011871566416868066,-0.1021762624411112
2022-09-02,AAPL,0.005225789805769287,0.1062174300959895,0.012508061617384136,-0.1009916402902202
2022-09-05,AAPL,0.004862015068820618,0.10673676840804136,0.012744982209642035,-0.10187475333922075
2022-09-06,AAPL,0.0052246674354198015,0.10757285179268937,0.013128828634733275,-0.10234818435726957
2022-09-07,AAPL,0.004841233091171618,0.10688448815678342,0.012812582609739718,-0.10204325506561181
2022-09-08,AAPL,0.004228655965643038,0.10736598573683902,0.01303357835387125,-0.10313732977119598
2022-09-09,AAPL,0.0025669131975140447,0.10557230087150023,0.012215365807689189,-0.10300538767398618
2022-09-12,AAPL,0.005971169983323009,0.10090241778455034,0.010149799568911629,-0.09493124780122733
2022-09-13,AAPL,0.009139800905338046,0.10482559082384324,0.011878808043104042,-0.0956857899185052
2022-09-14,AAPL,0.005258679947423907,0.10543735255277645,0.012154364936427395,-0.10017867260535254
2022-09-15,AAPL,0.005367615636237892,0.10736130172938137,0.013031423732062427,-0.10199368609314348
2022-09-16,AAPL,0.00515539329173594,0.10918402910794665,0.013876968830900876,-0.10402863581621072
2022-09-19,AAPL,0.002771807496713828,0.10726862631434197,0.012988812797912613,-0.10449681881762815
2022-09-20,AAPL,0.0038451296848092103,0.10471429693625893,0.011828850133769712,-0.10086916725144972
2022-09-21,AAPL,0.0021349631432017865,0.10553735542804818,0.012199561885226536,-0.10340239228484639
2022-09-22,AAPL,0.005604460524151597,0.10636377874738516,0.012574709689444134,-0.10075931822323356
2022-09-23,AAPL,0.006717118041444916,0.1078876946026848,0.013274150615492326,-0.10117057656123989
2022-09-26,AAPL,0.010810281345424534,0.10815361198924951,0.013397219925208884,-0.09734333064382497
2022-09-27,AAPL,0.01088860633155632,0.10750982351340076,0.013099789115667455,-0.09662121718184444
2022-09-28,AAPL,0.010048322681917791,0.10830151345700521,0.013465801364221524,-0.09825319077508743
2022-09-29,AAPL,0.011221169305103904,0.11303115490727506,0.015708340365626405,-0.10180998560217115
2022-09-30,AAPL,0.014214184415265745,0.11752708886764286,0.01792892233393141,-0.10331290445237712
2022-10-03,AAPL,0.008711494129582179,0.11605895014193698,0.017194272800951378,-0.1073474560123548
2022-10-04,AAPL,0.009153913766407796,0.11248175313505045,0.01544292400397249,-0.10332783936864265
2022-10-05,AAPL,0.008985781246664862,0.11041381532337018,0.014455496685219308,-0.10142803407670531
2022-10-06,AAPL,0.010769589769441814,0.11004211314059933,0.014279956864280026,-0.09927252337115752
2022-10-07,AAPL,0.013387091668311759,0.11326962085298486,0.015823948925269626,-0.09988252918467311
2022-10-10,AAPL,0.01355651613251058,0.11397833865052523,0.01616896518418767,-0.10042182251801465
2022-10-11,AAPL,0.011319358331527864,0.1149007043340081,0.016621211873167768,-0.10358134600248024
2022-10-12,AAPL,0.01471485573761756,0.11531055860358373,0.016823337910322683,-0.10059570286596617
2022-10-13,AAPL,0.010528394679760222,0.10998835182859965,0.014681994414792201,-0.09945995714883943
2022-10-14,AAPL,0.007860268314894921,0.11151250618379664,0.015404916732455684,-0.10365223786890172
2022-10-17,AAPL,0.004610400646600546,0.10887231690902073,0.014158956979922857,-0.10426191626242018
2022-10-18,AAPL,0.0036579555924269266,0.10644902844927272,0.01304163210692805,-0.10279107285684579
2022-10-19,AAPL,0.004945971676075123,0.10516654221685282,0.012460482966821985,-0.1002205705407777
2022-10-20,AAPL,0.004908333042730102,0.10482441034613776,0.01230662817771975,-0.09991607730340767
2022-10-21,AAPL,0.00787541359086514,0.10176596447743473,0.010953627076889601,-0.09389055088656958
2022-10-24,AAPL,0.010057724620454985,0.0988090415608978,0.009683626012064152,-0.08875131694044282
2022-10-25,AAPL,0.0096684323229569,0.09565749697893579,0.008371258088424906,-0.08598906465597889
2022-10-26,AAPL,0.008934992729801562,0.09627303868993944,0.008624239627744047,-0.08733804596013789
2022-10-27,AAPL,0.010798319246784613,0.09941299091344041,0.009939979925988027,-0.0886146716666558
2022-10-28,AAPL,0.005290306794233932,0.09446945359525535,0.00788757254327299,-0.08917914680102142
2022-10-31,AAPL,0.0019494592861909645,0.09349364583046874,0.007494815364463217,-0.09154418654427778
2022-11-01,AAPL,0.004483281806764727,0.09498032894497935,0.008094823394805422,-0.09049704713821462
2022-11-02,AAPL,0.0040174092807361535,0.09901126318731296,0.009769287666426327,-0.0949938539065768
2022-11-03,AAPL,0.0059200279785141235,0.10895220472209588,0.013189227558603026,-0.10303217674358175
2022-11-04,AAPL,0.00375014356031195,0.11177611467417886,0.01452396750550956,-0.10802597111386691
2022-11-07,AAPL,0.008068256092970894,0.11258707805989637,0.01491358694391698,-0.10451882196692548
2022-11-08,AAPL,0.005880509970799811,0.1123276875250562,0.014788658925825194,-0.1064471775542564
2022-11-09,AAPL,0.009629272166319315,0.11518573958122948,0.01618106184469581,-0.10555646741491016
2022-11-10,AAPL,0.003294441191991343,0.10779908794631106,0.012654019410795385,-0.10450464675431971
2022-11-11,AAPL,0.0020857727898961286,0.10219342994920079,0.010133336739605123,-0.10010765715930466
2022-11-14,AAPL,0.0023393667608513522,0.10095673751702051,0.009595356102538458,-0.09861737075616916
2022-11-15,AAPL,0.002061552767263428,0.09945375768033443,0.008950353640336826,-0.097392204913071
2022-11-16,AAPL,0.0017744236010992023,0.09974625567625728,0.009075120721460233,-0.09797183207515808
2022-11-17,AAPL,0.0031730884074380283,0.10078810011978373,0.009066388248873741,-0.0976150117123457
2022-11-18,AAPL,0.0041690495661993714,0.10016654162039966,0.008798934320765374,-0.09599749205420029
2022-11-21,AAPL,0.0014980062294414232,0.10200479787659372,0.009594717161514742,-0.1005067916471523
2022-11-22,AAPL,0.003959345584748693,0.10168184823410574,0.009453864098916255,-0.09772250264935704
2022-11-23,AAPL,0.0018521987487190813,0.10110497620334034,0.009203375394496446,-0.09925277745462126
2022-11-24,AAPL,0.0018770525604064811,0.10101364544139822,0.009163848532465366,-0.09913659288099175
2022-11-25,AAPL,0.0010128367208361503,0.10285340798633903,0.009966963552030587,-0.10184057126550289
2022-11-28,AAPL,0.0022199276004087384,0.10606214856942237,0.011402368095087658,-0.10384222096901363
2022-11-29,AAPL,0.00511489500959509,0.10937339852392783,0.012929857682273373,-0.10425850351433275
2022-11-30,AAPL,0.0014793594044818495,0.10625091413517282,0.011488184124878177,-0.10477155473069097
2022-12-01,AAPL,0.0017908261802490602,0.10502327311832581,0.010951602432916907,-0.10323244693807675
2022-12-02,AAPL,0.0017903500721862704,0.10488167904930588,0.010887865045815423,-0.10309132897711962
2022-12-05,AAPL,0.0017247061995645557,0.10539337980299679,0.01111860899878754,-0.10366867360343224
2022-12-06,AAPL,0.003441876933263904,0.10738672446963332,0.012028186950511313,-0.10394484753636941
2022-12-07,AAPL,0.004067988204799083,0.10916686625982404,0.012854884201677547,-0.10509887805502495
2022-12-08,AAPL,0.004707364119385171,0.10903068937505876,0.012791164792172691,-0.10432332525567359
2022-12-09,AAPL,0.007075414412376284,0.10909617056492488,0.012821795160453347,-0.10202075615254859
2022-12-12,AAPL,0.009242686582901756,0.10784926233044431,0.012241683608962954,-0.09860657574754256
2022-12-13,AAPL,0.008042894627055739,0.10672676184871265,0.011725155168904192,-0.09868386722165691
2022-12-14,AAPL,0.008439865930705729,0.10733309603164592,0.01200349399691476,-0.0988932301009402
2022-12-15,AAPL,0.010026761409896265,0.10768456910502755,0.01262395212305229,-0.09765780769513129
2022-12-19,AAPL,0.002814715220324711,0.11035742602172341,0.013873985770944224,-0.1075427108013987
2022-12-20,AAPL,0.0019597028187610514,0.11141915671422944,0.014379037549445152,-0.10945945389546839
2022-12-21,AAPL,0.0029859788419840656,0.110393573351441,0.013891101079941607,-0.10740759450945693
2022-12-22,AAPL,0.002624543040424742,0.11104438068561577,0.014200209150297394,-0.10841983764519103
2022-12-23,AAPL,0.006048230126985854,0.11400451566787236,0.014935259022260174,-0.1079562855408865
2022-12-26,AAPL,0.006139659462005482,0.11383417166238818,0.014852013883429252,-0.1076945122003827
2022-12-27,AAPL,0.007155499291110668,0.11429705479635045,0.015078509942068762,-0.10714155550523978
2022-12-28,AAPL,0.002904644290104452,0.11594623737446227,0.015892952167242944,-0.11304159308435782
2022-12-29,AAPL,0.004723134889908867,0.11480426958741087,0.015327753571347526,-0.110081134697502
2022-12-30,AAPL,0.0029782231543221257,0.11389076337232605,0.014879655129939676,-0.11091254021800392
